xxxx;;;;;;;;;;;;;;x
#######################################;;;;;;;;;;;;;;x
# 决议;;;;;;;;;;;;;;x
#######################################;;;;;;;;;;;;;;x
introduction_chc_title;漫天花雨・独立自由之花;;;;;;;;;;;;;x
introduction_chi_title;漫天花雨・秩序威权之花;;;;;;;;;;;;;x
introduction_jap_title;漫天花雨・尚武兴国之花;;;;;;;;;;;;;x
introduction_chc_desc;欢迎使用漫天花雨MOD。;;;;;;;;;;;;;x
introduction_chi_desc;欢迎使用漫天花雨MOD。;;;;;;;;;;;;;x
introduction_jap_desc;欢迎使用漫天花雨MOD。;;;;;;;;;;;;;x
independent_MEB_title;成立蒙疆联合自治政府;;;;;;;;;;;;;x
independent_MEB_desc;关东军司令部与内蒙古的一些要人保持着联系。通过这些乐意的合作者我们可以在这里成立一个政权从而保证此地在我们征服别处时的安宁。;;;;;;;;;;;;;x
independent_CHB_title;成立中华民国临时政府;;;;;;;;;;;;;x
independent_CHB_desc;我们需要一个政府帮助我们利用北支那的资源，并维持该地区的稳定。我们要让这个政府绝对排除共产主义，发扬东亚道义。这样日本进步的行政、法制、军事的技术就能够由侧面来指导华北的政治。;;;;;;;;;;;;;x
independent_CJS_title;成立中华民国维新政府;;;;;;;;;;;;;x
independent_CJS_desc;支那人仓皇逃窜，如今他们的江苏、浙江、安徽已经基本落入了大日本帝国的手中，让我们建立一个政府来更好的统治这里。;;;;;;;;;;;;;x
independent_WJW_title;成立新的国民政府;;;;;;;;;;;;;x
independent_WJW_desc;汪精卫先生愿意同大日本帝国合作，非常好，这说明帝国的政治诱降政策卓有成效，那么，让他来吧，将来我们还要把蒋介石先生请到南京来。;;;;;;;;;;;;;x
the_north_china_incident_title;平津作战;;;;;;;;;;;;;x
the_north_china_incident_desc;我们已经做好了战争的万全准备，大日本皇军将取得最后的胜利，昭和天皇将统治全世界！;;;;;;;;;;;;;x
shanghai_incident_title;进攻上海;;;;;;;;;;;;;x
shanghai_incident_desc;上海是支那最富有的城市，攻下上海，皇军将享有直接威胁支那首都的战略效果。;;;;;;;;;;;;;x
china_united_front_action_title;四月密谈，策划抗日民族统一战线;;;;;;;;;;;;;x
china_united_front_action_desc;1936.4.9，周恩来、张学良在延安天主教堂会见，密谈抗日大计。;;;;;;;;;;;;;x
china_united_front_title;发布「国共合作宣言」;;;;;;;;;;;;;x
china_united_front_desc;在上海战局的压迫下，近日，我们的中央通讯社发布了「中国共产党为公布国共合作宣言」，这标志着国共合作的展开。;;;;;;;;;;;;;x
new_fourth_army_title;八省红军集结，建立陆军新编第四军;;;;;;;;;;;;;x
new_fourth_army_desc;根据国共之间的协定，南方八省的红军游击队应整编为「国民革命军陆军新编第四军」。如今各游击队已陆续集结，箭在弦上，一触即发。;;;;;;;;;;;;;x
shanxi_new_army_title;山西新军决死队;;;;;;;;;;;;;x
shanxi_new_army_desc;日本人来得太快，晋北重镇大同已然沦陷。我们只有借助共产党组织群众的本领，来缓解眼前的灾难。;;;;;;;;;;;;;x
shandong_chc_army_title;山东人民起义;;;;;;;;;;;;;x
shandong_chc_army_desc;国民党在山东望风而逃，无数人民沦入敌手。中国共产党应该站出来，独立担起山东抗战的责任。;;;;;;;;;;;;;x
chc_jinchaji_title;挺进恒山，建立晋察冀军区;;;;;;;;;;;;;x
chc_jinchaji_desc;按照中央的战略部署，「八路军115师」一部将挺进恒山、五台山脉，放手发动群众，建立新的晋察冀根据地。;;;;;;;;;;;;;x
chc_jinsui_title;建立晋西北、晋西南根据地;;;;;;;;;;;;;x
chc_jinsui_desc;按照中央的战略部署，「八路军115师」主力将挺进吕梁山脉，「八路军120师」将挺进管涔山脉，放手发动群众，建立新的根据地。;;;;;;;;;;;;;x
chc_jinjiyu_title;建立晋冀豫根据地;;;;;;;;;;;;;x
chc_jinjiyu_desc;按照中央的战略部署，「八路军129师」将挺进晋东南，放手发动群众，建立新的根据地。;;;;;;;;;;;;;x
chc_jirecha_title;成立冀热察挺进军;;;;;;;;;;;;;x
chc_jirecha_desc;中央军委决定，以原「第4纵队」组成「冀热察挺进军」，返回冀东开展敌后斗争。;;;;;;;;;;;;;x
chc_daqingshan_title;建立大青山根据地;;;;;;;;;;;;;x
chc_daqingshan_desc;毛泽东主席致电朱、彭、贺，指出建立大青山根据地甚为重要，120师遂开始组织「大青山支队」。;;;;;;;;;;;;;x
chc_jilubian_title;成立东进抗日挺进纵队;;;;;;;;;;;;;x
chc_jilubian_desc;「115师第5支队」、「129师津浦支队」组成了「八路军东进抗日挺进纵队」，从冀南出发，挺进冀鲁边，扩大冀鲁边根据地。;;;;;;;;;;;;;x
china_qingnianjun_title;组织青年军;;;;;;;;;;;;;x
china_qingnianjun_desc;陪都重庆，面临威胁，我们仍然无法驱逐日寇，现在只好组织一支党化新军，以应付当前的时局，将来亦可用于反共。;;;;;;;;;;;;;x
china_yuanzhengjun_title;呼叫中国远征军;;;;;;;;;;;;;x
china_yuanzhengjun_desc;我们在缅北战场节节失利，现在只好求救于那些中国人了;;;;;;;;;;;;;x
ERA_placing_title;八路军主力挺进山西;;;;;;;;;;;;;x
ERA_placing_desc;八路军如按原计划集结恒山，必将被一网打尽。中央军委已制定出新的战略部署……;;;;;;;;;;;;;x
northchinapolice_title;北支那治安肃正计划;;;;;;;;;;;;;x
northchinapolice_desc;近日，北支那派遣军司令官多田骏中将，针对北支那地区的中共匪患，组织制定了「治安肃正纲要」。;;;;;;;;;;;;;x
baituandazhan_title;百团大战;;;;;;;;;;;;;x
baituandazhan_desc;国军正面战场堪危，国府抗日立场松动，日军的囚笼政策越来越凶狠，日本的政治诱降攻势越来越放肆，八路军应该不惜一切代价，为民族的存亡奋力一搏！;;;;;;;;;;;;;x
Chongqing_negotiations_title;重庆谈判;;;;;;;;;;;;;x
Chongqing_negotiations_desc;国民政府的抗战节节顺利，然而中共也在中国控制了一定范围的政权，天无二日，中国的未来必须有个了断。;;;;;;;;;;;;;x
#_title;;;;;;;;;;;;;;x
#_desc;;;;;;;;;;;;;;x
#######################################;;;;;;;;;;;;;;x
# 事件;;;;;;;;;;;;;;x
#######################################;;;;;;;;;;;;;;x
introduction_chc;1927.4.12，蒋介石发动反革命政变，导致中国共产党减员四万七千余人，中国国民党减员三十二万余人，蒋介石等右派分子在党内全面获得统治地位，国共内战旋即展开。由于王明、博古、李德等人的教条主义路线错误，红军遭受了重大损失，被迫进行二万五千里的战略大退却――长征。1935.1.17，遵义会议产生了以毛泽东为首的领导集团。中国共产党从共产国际的一个支部，正渐渐成为一个独立的政党。\n如今，中国仍是一派军阀割据的混沌局面，日本从未放松对中国大地的垂涎，辽海燕冀的汉奸集团越发嚣张。雄关漫道真如铁，而今迈步从头越，共产党人不曾放弃过自己的信仰，他们依然要改天换地！;;;;;;;;;;;;;x
introduction_chi;至1936年，蒋介石的中央军已成为中国最强的势力，并建立了南京国民政府，在名义上统一了全国。身为国民党右派领袖的蒋介石，清楚地知道什么敌人才最危险。他提出“攘外必先安内”，对内积极剿共，九年以来终于铲除了中共的诸多匪区，对外则消极抗日。他先后派黄郛、何应钦等人先后签订了「塘沽协定」「何梅协定」「秦土协定」「淞沪停战协定」，日本顺利地侵占了中国东北与察哈尔、河北、上海的部分地区。\n如今，共匪尚未完全覆灭，全国政令尚未统一，深通权术的蒋介石，正在沿着自己构思的道路，一步步的向全中国迈进。;;;;;;;;;;;;;x
introduction_jap;日本帝国经过明治维新与一系列对外战争，从一个东亚半殖民地半封建国家，一跃成为一个拥有殖民地的东亚强国。如今，北一辉、大川周明的法西斯思想已然得到裕仁天皇的认可，在全国占据了主要地位，而皇道派、统制派的争斗仍未结束。日本要成为世界强国，甚至统治世界，就需要对外扩张。\n已接受了福泽谕吉的「脱亚论」的日本政客财阀，以中国首当其冲。蒋介石政府的懦弱，使得日本轻易地占领了中国东北与察哈尔、河北、上海的部分地区。然而这远远不够，日本的目标，是征服全中国，以致于整个亚洲，整个世界。;;;;;;;;;;;;;x
introduction_chc_option;让独立自由之花解放全中国！;;;;;;;;;;;;;x
introduction_chi_option;让秩序威权之花统一全中国！;;;;;;;;;;;;;x
introduction_jap_option;让尚武兴国之花征服全世界！;;;;;;;;;;;;;x
wangjingwei_defect;汪精卫叛变;;;;;;;;;;;;;x
wangjingwei_defect_desc;在正面战场节节败退之时，一些骨头软的人，生出了亲日投降的念头，成为了日本军阀政治诱降策略的第一目标。\n近日，汪精卫乘隙逃离了重庆，经由昆明转向印溉支那的河内，并公开向全国发出通电，宣言所谓“善邻友好、共同防共、经济提携”，主张使中华民国全体与敌奴颜婢膝，铲除一切共产党抗日组织，让中国人民卷入日本的资本市场，世世代代地做奴隶，以求得苟活。汪精卫本是中国国民党第二号人物，顷刻间却成了一条日本人的狗。;;;;;;;;;;;;;x
wangjingwei_defect_option;书生难成大事！;;;;;;;;;;;;;x
wangweizf_built;汪精卫通敌叛国，南京伪民国政府建立;;;;;;;;;;;;;x
wangweizf_built_desc_chi;近日，前国民党副总裁汪精卫，在国府旧都南京公然变节，为日寇建立了一个伪民国傀儡政府，成为中国第一号汉奸。伪国民政府承认了伪满洲国、伪蒙古国的独立，并且在战争中给日本侵略者更有效率地征集物资人力，支援日本军阀的侵略战争，并帮助日寇奴化沦陷区的人民。\n此举使举国上下群情激愤、口诛笔伐，汪精卫一度遥奉重庆国民政府主席林森为伪国民政府主席，然而却遭到了重庆国民政府主席林森的公开怒斥：“这种人虽然暂时保了性命，得了小小利益，但是遗臭万年，上辱没了祖先，下贻害到子孙。一到敌人用不着汉奸的时候，仍旧免不了送命，或者精神受到惩罚，天天在苦痛之中，永远做不得人。”\n据悉，由于国民党投降派多半倒向汪伪，使得投降派在重庆的力量削弱，再加上全国对卖国贼的群情激愤，中华民国全体的抗战决心更大了。;;;;;;;;;;;;;x
wangweizf_built_option_chi;只有抗战到底，才算是先总理的信徒！;;;;;;;;;;;;;x
wangweizf_built_desc_chc;近日，前国民党副总裁汪精卫，在国府旧都南京公然变节，为日寇建立了一个伪民国傀儡政府，成为中国第一号汉奸。伪国民政府承认了伪满洲国、伪蒙古国的独立，并且在战争中给日本侵略者更有效率地征集物资人力，支援日本军阀的侵略战争，并帮助日寇奴化沦陷区的人民。\n此举使举国上下群情激愤、口诛笔伐，中国共产党在延安召开了「延安民众讨汪大会」，毛泽东主席向全国发出通电，提出“全国讨汪”、“制止磨擦”、“实行三民主义”等对国民党的十点要求，并且在大会上自豪地总结了抗战延安的「十个没有」。;;;;;;;;;;;;;x
wangweizf_built_option_chc;声讨汪精卫之卖国投降，拥护抗战到底！;;;;;;;;;;;;;x
CHI_event_1000007_title;部分党国军政要员变节投降;;;;;;;;;;;;;x
CHI_event_1000007_desc;「剑桥中华民国史」记载：“叛逃的将军1941年有12个，1942年有15个，1943年是高峰的一年，有42人叛逃。50多万军队跟随这些叛逃的将军离去，而日本人则利用这些伪军去保卫其占领的地区，以对抗共产党游击队。”而在1941年之前，亦有诸多党国军政要员投敌，汪伪政权的建立，就吸收了党国二十名中央委员。据不完全统计，抗战期间前后投敌的国军达五十八万以上，其中多为党国派往敌后的游击队。\n这些败类的变节，使党国的抗战大业受到严重损失，也使重庆的投降派减少了许多。那些党国败类的部队主要为原「忠义救国军」「第24集团军」「第29集团军」「苏鲁战区游击纵队」等。;;;;;;;;;;;;;x
CHI_event_1000007_option;让他们去吧！;;;;;;;;;;;;;x
Kanglian_1;昭告天下，成立东北抗日联军;;;;;;;;;;;;;x
Kanglian_1_subtitle;壮志饥餐胡虏肉，笑谈渴饮匈奴血。;;;;;;;;;;;;;x
Kanglian_1_desc;在1931年的「九・一八事变」之后，中国的东北大地上，涌现了大大小小的抗日武装，有民众自行组织的武装，有东北军爱国军官私下违背中央「不抵抗方针」组织的「义勇军」，也有中共满洲省委组织的红军游击队。\n1932年，日本以5万关东军连同伪满洲国军将30万「义勇军」渐渐打垮。至1936年，各地抗日武装渐渐合流，2月20日，以杨靖宇、王德泰、赵尚志、李延禄、周保中、谢文东等人的名义联合发表「东北抗日联军统一建制宣言」，中国共产党统一领导的「东北抗日联军」成立了。;;;;;;;;;;;;;x
Kanglian_1_option;打倒日本帝国主义！;;;;;;;;;;;;;x
Kanglian_2;东北抗日联军陷入困境;;;;;;;;;;;;;x
Kanglian_2_desc;由于「集团部落」的影响，加上日伪军更疯狂的讨伐、扫荡，以及更加严密的经济封锁、「731部队」与「100部队」细菌武器的残酷虐杀，东北抗日联军不得不转入深山密林，斗争不得不从集中转向分散。他们每日与数倍于己乃至数十倍于己的敌寇周旋苦战，境遇陷入了最低谷。;;;;;;;;;;;;;x
Kanglian_2_option;东北抗联是我党艰苦奋斗的模范。;;;;;;;;;;;;;x
Kanglian_3;东北抗联惨遭失败;;;;;;;;;;;;;x
Kanglian_3_desc;由于缺粮少衣、诱降攻势等种种严峻的摧残，东北抗日联军最终无力周旋，回天乏术。杨靖宇、赵尚志、赵一曼、王德泰、汪雅臣等同志最终壮烈牺牲，谢文东、李华堂等民族败类最终投敌。残余的抗联部队退入苏联，被编成「远东红旗军第88国际旅」，后来成为一支精锐特战部队，在苏联「八月风暴」行动中作为伞兵先锋力量使用。;;;;;;;;;;;;;x
Kanglian_3_option;抗联先烈永垂不朽！;;;;;;;;;;;;;x
Kanglian_4;加紧推行「集团部落」政策;;;;;;;;;;;;;x
Kanglian_4_desc;那些千八百人的支那游击军向泥鳅一样钻来钻去，联合起诸多刁民一同反抗大日本帝国的大东亚圣战，皇军是不择手段的，首先从那些手无寸铁的支那人下手，一步一步绞死他们！;;;;;;;;;;;;;x
Kanglian_4_option;天皇万岁！;;;;;;;;;;;;;x
Kanglian_5;倭寇残忍暴行――集团部落政策;;;;;;;;;;;;;x
Kanglian_5_subtitle;人执笞绳，我为奴辱。;;;;;;;;;;;;;x
Kanglian_5_desc;为了消灭我东北抗日联军，日本侵略者在我游击区与根据地，大规模推行「集团部落」政策。他们将数个村的百姓绑成一个部落，老百姓被迫离开家乡，进入日军设置的一个个部落基地，在日本昭和军阀的“大东亚共荣圈”之下，过着牲口的生活，赤裸裸地沦为奴隶。\n伪满洲国治安部思想战略研究部治安问题研究组1937.7「各地治安调查报告」如此记载：“屋顶大都是用树皮和稻草盖成，墙上到处是窟窿，根本不能挡风御寒。他们没有衣服，只能烧火围坐熏烤。在这样的生活状况下，没有发生病人，真是奇怪的事。从屋子里可以清楚看见天上飘着的白云，在目前严寒的季节里，可以想得出他们的痛苦。”;;;;;;;;;;;;;x
Kanglian_5_option;……;;;;;;;;;;;;;x
Japan_Preparing_1;二・二六兵变，法西斯军国主义体制确立;;;;;;;;;;;;;x
Japan_Preparing_1_desc;日本的法西斯阵营内部，有皇道派、统制派之分，两派互相争斗不断，像是皇帝身边的太监。1936.2.26，日本内部皇道派青年军官率领以近卫步兵第3联队为中心的1500名士兵，分头去刺杀“天皇周围的坏人”。至28日，政变被镇压，皇道派大势已去。\n统制派趁势在朝中扩张势力，扫荡残敌。1936.3.5，日本组织新内阁，广田弘毅任新首相。1936.8.7，广田弘毅主持召开五相会议，制定了「基该国策纲要」，日本法西斯军国主义体制就此建立。;;;;;;;;;;;;;x
Japan_Preparing_1_option;帝国一定会征服世界;;;;;;;;;;;;;x
Japan_Preparing_2;「帝国国防方针」;;;;;;;;;;;;;x
Japan_Preparing_2_desc;1936.5，日本内阁修改了「帝国国防方针」和「帝国军队的用兵纲领」，提出大规模扩军。规定日军须扩充到陆军50个师团，航空兵142个中队，海军主力舰12艘，航空母舰12艘，其他舰艇194艘，航空兵65个中队，力求使帝国国防所需兵力，必须足以控制东亚大陆及西太平洋。\n据悉，日本1937年度军费预算总额达到32.7亿日元，仅直接军费就占岁出总额的69%。;;;;;;;;;;;;;x
Japan_Preparing_2_option;6666666;;;;;;;;;;;;;x
Japan_Preparing_3;帝国准备全面侵华;;;;;;;;;;;;;x
Japan_Preparing_3_desc;1936.9，帝国陆海军中央部制定了「昭和十二年度对华作战计划」，决定增强侵华军力，在华北使用8个师团，华中使用4个师团，华南使用1个师团，海军控制中国沿海和长江水域，辅助陆军。其后，日军乘中国政府「不抵抗方针」之利，先后侵占丰台、通县，并以冀东保安队侵占昌平、顺义等地，对北平城形成南东北三面包围的态势。;;;;;;;;;;;;;x
Japan_Preparing_3_option;征服支那！;;;;;;;;;;;;;x
Japan_Preparing_4;反共产国际协定;;;;;;;;;;;;;x
Japan_Preparing_4_desc;1936.11.25，日本和德国在柏林签订了「日德反共产国际协定」。协定称，在反对共产国际方面，两国必须“交换情报”，“紧密合作”。日本帝国通过该协定进入了「柏林-罗马轴心」，形成了德意日三国同盟的轴心国集团。;;;;;;;;;;;;;x
Japan_Preparing_4_option;让我们瓜分世界;;;;;;;;;;;;;x
Peking_Invasion;平津作战;;;;;;;;;;;;;x
Peking_Invasion_desc;帝国已为征服这个地大物博、软弱无能的国家，作了近百年的准备。现在，从卢沟桥、宛平城开始，皇军要征服整个平津，以至于整个支那。陆军大臣衫山元曾这样告诉天皇：“一个月内，解决支那事变。”这里广阔的土地，是帝国征服世界的基地，而这些软弱的支那人，只配给我们试刀。;;;;;;;;;;;;;x
Peking_Invasion_option;天皇万岁！;;;;;;;;;;;;;x
Peking_Invasion_CHI;卢沟桥事变;;;;;;;;;;;;;x
Peking_Invasion_CHI_desc;1937.7.7，日军向我卢沟桥、宛平城之29军滋事袭击。民国最高领袖蒋介石电令宋哲元，宛平城应固守勿退，等待中央指示，防止事态扩大。在中央的妥协方针影响下，10日，第38师师长张自忠代第29军副军长秦德纯会见日方代表松井太久郎、今井武夫谈判休战，给了侵略者调兵遣将的时机，张自忠本人亦担负汉奸骂名。蒋介石虽在17日发表庐山讲话表明抗战决心，却不放弃与日妥协联会英美的外交休战幻想。国民革命军第29军尽己所能奋起抵抗，奈何蒋介石使他们错过了最佳作战时机。28日，民族英雄29军副军长佟麟阁、107旅旅长赵登禹壮烈殉国。29日，北平沦陷；30日，天津沦陷。日本平津作战胜利。;;;;;;;;;;;;;x
Peking_Invasion_CHI_option;再没有妥协的机会;;;;;;;;;;;;;x
Peking_Invasion_CHC;卢沟桥事变;;;;;;;;;;;;;x
Peking_Invasion_CHC_desc;平津危急！华北危急！中华民族危急！日本侵略军袭击了卢沟桥、宛平城，最终要征服整个中国。毛泽东主席起草发表了「中国共产党为日军进攻卢沟桥通电」，朱总司令向国民政府军事委员会提交了中共关于日军进攻上海的预判。延安喊出了如“为保卫国土流尽最后一滴血”等诸多抗战口号，红军二十二位将军联名通电请缨：红军要上前线。;;;;;;;;;;;;;x
Peking_Invasion_CHC_option;红军战士，共产党人，到前线去！;;;;;;;;;;;;;x
CHI_Event_1000021;最高领袖的摇摆态度;;;;;;;;;;;;;x
CHI_Event_1000021_subtitle;至今思项羽，不肯过江东。;;;;;;;;;;;;;x
CHI_Event_1000021_desc;7.17，各界人士同上庐山，蒋介石发表了「庐山抗战声明」，史称「庐山讲话」。这次讲话中既有“若是彷徨不定，妄想苟安，便会陷民族于万劫不复之地！”“再没有妥协的机会，如果放弃尺寸土地与主权，便是中华民族的千古罪人！”这般左倾的抗战语言；亦有“芦沟桥事件能否不扩大为中日战争，全系于日本政府的态度”“在和平根本绝望之前一秒钟，我们还是希望和平的，希望由和平的外交方法，求得芦事的解决。”“准备应战，而决不求战。”这般右倾的妥协语言。在讲话的最后，蒋介石提出了“如果战端一开，那就是地无分南北，年无分老幼，无论何人，皆有守土抗战之责任，皆应抱定牺牲一切之决心。”作为整个讲话的基调。\n蒋介石一面声明抗战，一面幻想着请求国际社会尤其英美能够介入调停，制裁日本。作为中华民国的最高领袖，他一会儿向左，一会儿向右；日本鬼子火烧到了家门口，他还在犹豫是战是和，还在想着和。而在他所寄望的国际社会里，英美各国只是谴责一下日本，转头继续和日本做军火生意。;;;;;;;;;;;;;x
CHI_Event_1000021_option;……;;;;;;;;;;;;;x
Shanghai_Invasion;进攻上海;;;;;;;;;;;;;x
Shanghai_Invasion_desc;帝国拥有亚洲最强的海军，他们暂时还无处施展。皇军将进攻上海，沿长江而上，直捣南京，摧毁支那人的抵抗意志。;;;;;;;;;;;;;x
Shanghai_Invasion_option;行动;;;;;;;;;;;;;x
Shanghai_Invasion_China;第二次上海事变，国民政府发布「自卫抗战声明书」;;;;;;;;;;;;;x
Shanghai_Invasion_China_subtitle;何当金络脑，快走踏清秋。;;;;;;;;;;;;;x
Shanghai_Invasion_China_desc;平津虽华，豺狼野心欲壑难填。1937.8.13，日军大举进攻上海，兵锋直指首都南京，神州举国群情激奋。14日，国民政府发布「自卫抗战声明书」，宣言抗战。蒋委员长命令张治中、张发奎编组第九、第八集团军开赴前线，因战前有所准备，中国军队在战役初期节节进取，大有将日寇赶出上海之势。中日之间的全面战争，终于打响了！;;;;;;;;;;;;;x
Shanghai_Invasion_China_option;把鬼子赶出中国;;;;;;;;;;;;;x
CHC_Event_1000023_desc;1935.8.1，中国共产党发布「为抗日救国告全体同胞书」，号召停止内战一致抗日。1935.12.9，北平爆发「一二・九运动」，1万多名学生举行抗日示威游行，反对妥协卖国，要求蒋介石抗日。1935.12.25，中共中央在瓦窑堡召开中央政治局会议，提出建立抗日民族统一战线。1936.1，毛泽东、周恩来、彭德怀等联名发出「红军为愿意同东北军联合抗日致东北军全体将士书」。1936.4.9，周恩来与张学良密谈抗日大计，民族的兴亡正慢慢转圜。;;;;;;;;;;;;;x
CHC_Event_1000023_option;停止内战;;;;;;;;;;;;;x
luochuan_meeting;洛川会议;;;;;;;;;;;;;x
luochuan_meeting_desc;近日，毛泽东起草了「抗日救国十大纲领」，中共中央政治局在陕北洛川县冯家村召开了扩大会议，以确定党在抗战中的纲领、路线和政策，史称「洛川会议」。会议中分为两种意见，一派认为应与国民党配合打正规运动战，一派认为应开展独立自主的山地游击战。会议决定……;;;;;;;;;;;;;x
luochuan_meeting_1;与国民党配合打正规运动战;;;;;;;;;;;;;x
luochuan_meeting_2;开展独立自主的山地游击战;;;;;;;;;;;;;x
CHC_Event_1000029;国民党发布「国共合作宣言」;;;;;;;;;;;;;x
CHC_Event_1000029_desc;中共中央曾将「中国共产党为公布国共合作宣言」送交国民党，提出“发动全民族抗战”“实行民主政治”“改善人民生活”三项基本要求，重申中共为实现国共合作的“为三民主义而奋斗”“停止一切赤化运动”“取消苏维埃政府”“红军改编为国民革命军”四项保证。近日，国民党中央通讯社发表了这个宣言，标志着第二次国共合作正式展开，抗日民族统一战线正式形成。;;;;;;;;;;;;;x
CHC_Event_1000029_option;一致抗日;;;;;;;;;;;;;x
CHI_Event_1000030;诸多地方实力派听命中央;;;;;;;;;;;;;x
CHI_Event_1000030_desc;在国共合作形成之后，诸多地方实力派宣布服从委座的命令，一致抗日。刘湘亦向中央割让渝州。;;;;;;;;;;;;;x
CHI_Event_1000030_option;太好了;;;;;;;;;;;;;x
sgn_bianqu;陕甘宁边区建立;;;;;;;;;;;;;x
sgn_bianqu_desc;根据国共之间的协定，中共将陕甘苏区改名为陕甘宁边区，并成立边区政府，林伯渠任陕甘宁边区政府主席，辖23个县，人口约150万，首府延安。;;;;;;;;;;;;;x
sgn_bianqu_option;很好;;;;;;;;;;;;;x
balu;工农红军主力改编，第八路军建立;;;;;;;;;;;;;x
balu_subtitle;校尉羽书飞瀚海，单于猎火照狼山。;;;;;;;;;;;;;x
balu_1_desc;中共中央发布命令：“南京已经开始对日抗战，国共两党合作初步成功。为着实现中共中央给国民党三中全会红军改名之保证，推动这一抗战成为全民族的抗日革命战争，我们宣布红军改名为国民革命军第八路军。”改编后，延安召开八路军抗日誓师大会，朱总指挥带头宣读「八路军出师抗日誓词」。一支强大的运动战正规军诞生了！;;;;;;;;;;;;;x
balu_2_desc;中共中央发布命令：“南京已经开始对日抗战，国共两党合作初步成功。为着实现中共中央给国民党三中全会红军改名之保证，推动这一抗战成为全民族的抗日革命战争，我们宣布红军改名为国民革命军第八路军。”改编后，延安召开八路军抗日誓师大会，朱总指挥带头宣读「八路军出师抗日誓词」。一支独立自主的山地游击军诞生了！;;;;;;;;;;;;;x
balu_option;共赴国难，誓师抗战！;;;;;;;;;;;;;x
CJD_Event_1000034;改组冀东防共自治政府;;;;;;;;;;;;;x
CJD_Event_1000034_desc;在华北五省自治将要实现之时，冀东防共自治政府就应与新的中华民国临时政府合并了，这个汉奸伪政权最终走向了尽头。;;;;;;;;;;;;;x
CJD_Event_1000034_option;命运;;;;;;;;;;;;;x
CHB_Event_1000035;改组中华民国临时政府;;;;;;;;;;;;;x
CHB_Event_1000035_desc;汪主席的中华民国国民政府在南京成立了，根据大日本皇军的指示，中华民国临时政府应改称华北政务委员会，期以建立一个和平、反共、统一的中华民国。;;;;;;;;;;;;;x
CHB_Event_1000035_option;命运;;;;;;;;;;;;;x
CJS_Event_1000036;改组中华民国维新政府;;;;;;;;;;;;;x
CJS_Event_1000036_desc;汪主席的中华民国国民政府在南京成立了，根据大日本皇军的指示，中华民国维新政府应并入新的国民政府，期以建立一个和平、反共、统一的中华民国。;;;;;;;;;;;;;x
CJS_Event_1000036_option;命运;;;;;;;;;;;;;x
n4a_subtitle;楼船夜雪瓜洲渡，铁马秋风大散关。;;;;;;;;;;;;;x
n4a_desc;红军游击队业已集结完毕，中央军委与毛泽东主席指示新四军在大江南北展开游击作战。新四军主力分路挺进，取得了一定的战果，创建了苏南、皖南、皖中根据地。中国人民的游击战争又前进了一步！;;;;;;;;;;;;;x
n4a_option;新的铁军;;;;;;;;;;;;;x
CHC_Event_1000039;挺进豫皖苏;;;;;;;;;;;;;x
CHC_Event_1000039_desc;豫皖苏边区位于津浦、陇海铁路及新黄河、淮河之间，对沟通华北、华中联系，发展华中敌后游击战争十分重要。新四军建立后，中共中央命令豫南特委组织挺进纵队，在豫皖苏边区开展游击斗争。;;;;;;;;;;;;;x
CHC_Event_1000039_option;新的根据地;;;;;;;;;;;;;x
shanxi_army;建设山西新军;;;;;;;;;;;;;x
shanxi_army_subtitle;敢同恶鬼争高下，不向霸王让寸分。;;;;;;;;;;;;;x
shanxi_army_desc;大敌当前，阎锡山同意了薄一波书记的建议，组织一支新军。中共山西工委先后组织了军官训练团、青年抗敌决死队、工人武装自卫队、政治保卫队、暂编第1师，它们组成了「山西新军」，归晋系建制，实际上由我们领导。;;;;;;;;;;;;;x
shanxi_army_option;期待他们英勇杀敌;;;;;;;;;;;;;x
shandong_army;山东起义爆发;;;;;;;;;;;;;x
shandong_army_subtitle;只解沙场为国死，何须马革裹尸还。;;;;;;;;;;;;;x
shandong_army_desc;国民党在山东望风而逃，无数人民沦入敌手。在以黎玉为书记的山东党组织领导下，山东人民连续发动了冀鲁边起义、鲁西北起义、胶东天福山起义、黑铁山起义、徂徕山起义、鲁东南起义、泰西起义、鲁南起义、湖西起义。人民起义军与我们同声相应，同气相求，誓死效命抗战疆场。;;;;;;;;;;;;;x
shandong_army_option;人民万岁;;;;;;;;;;;;;x
eighth_route_army_majority;中央军委关于八路军主力进入山西四角的部署;;;;;;;;;;;;;x
eighth_route_army_majority_desc;日军手段迅速，战场瞬息万变。八路军如按原计划集结恒山，必将被一网打尽。中央军委已制定出新的战略部署，将八路军主力分散在山西四角，扩大我军的战略机动区域，在战略上对山西方面日军取包围态势。;;;;;;;;;;;;;x
eighth_route_army_majority_option;同意;;;;;;;;;;;;;x
jinchaji_army;挺进晋察冀;;;;;;;;;;;;;x
jinchaji_army_desc;晋察冀抗日根据地依托恒山、五台山脉，地处津浦、平绥、正太、同蒲四条铁路与北平、天津、太原、石家庄等大城市之间。根据中央指示，115师一部挺进此处，建立晋察冀根据地，司令员聂荣臻。;;;;;;;;;;;;;x
jinsui_army_desc;晋西北抗日根据地位于黄河以东，外长城以南，同蒲铁路北段以西，汾离公路以北。晋西南抗日根据地，依托吕梁山脉，位于黄河以东，汾离公路以南。根据中央指示，120师、115师主力分别进入晋西北、晋西南，发动群众，展开周旋。;;;;;;;;;;;;;x
jinjiyu_army;挺进晋冀豫;;;;;;;;;;;;;x
jinjiyu_army_desc;晋冀豫边区，依托太行、太岳山脉，基本处在同蒲铁路以东，正太铁路以南，平汉铁路以西、黄河以北。根据中央指示，129师挺进此处，建立新的根据地。;;;;;;;;;;;;;x
jidong_uprising;冀东大暴动;;;;;;;;;;;;;x
jidong_uprising_desc;毛泽东主席曾致电朱、彭，指示在雾灵山区开展游击斗争。晋察冀冀东支队和晋西北雁北支队合编成「八路军第4纵队」，挺进冀东。冀东地区先后在滦县、丰润、遵化、蓟县、开滦爆发起义，推翻了伪政权，成立了10万人的「冀东抗日联军」。在日伪军的疯狂讨伐下，第4纵队只留下一部分人坚持游击，主力与冀东抗日联军像平西转移，转移途中，冀东抗日联军大多失散，冀东大暴动最终失败。;;;;;;;;;;;;;x
jidong_uprising_option;我们会回来的;;;;;;;;;;;;;x
chc_jirecha;挺进冀热察;;;;;;;;;;;;;x
jizhong_army;冀中军区成立;;;;;;;;;;;;;x
jizhong_army_desc;中国共产党在冀中组织了「河北游击军」，河北的国军向南撤退时，第53军691团在其团长吕正操的带领下，脱离国民党军建制，深入冀中开展游击斗争。在两支部队取得了一系列战果之后，合编为「八路军第3纵队」，建立了冀中军区。;;;;;;;;;;;;;x
daqingshan_army;挺进大青山;;;;;;;;;;;;;x
daqingshan_army_desc;大青山位于绥远境内，横亘内蒙古高原。毛泽东主席致电朱、彭、贺，指出建立大青山根据地甚为重要，对于坚持绥远抗战，钳制日军进攻大西北有重要意义。120师遂开始组织「大青山支队」，建立新的根据地。;;;;;;;;;;;;;x
jilubian_army;挺进冀鲁边;;;;;;;;;;;;;x
kangda;中国人民抗日军政大学;;;;;;;;;;;;;x
kangda_subtitle;男儿何不带吴钩，收取关山五十州？;;;;;;;;;;;;;x
kangda_desc;1937.1.20，在延安，成立了「中国人民抗日军政大学」，林彪、刘伯承分任正副校长。抗大招收红军中高级干部，后来从四面八方的国统区走来了许多爱国青年参加抗大的学习。抗大为抗战输送了诸多合格的干部，人才是最有力的支援。1938.7，世界学联代表团参观抗大，并表示愿做“名誉学员”。;;;;;;;;;;;;;x
kangda_option;向着新社会前进;;;;;;;;;;;;;x
CHC_Event_1000053;毛泽东发表「论持久战」;;;;;;;;;;;;;x
CHC_Event_1000053_desc;毛泽东在1936.7同美国记者斯诺谈话时就已经提出坚持持久抗战的各项方针。抗战以来，国民党内部“亡国论”“速胜论”盛行。近日，毛泽东在延安凤凰山总结了抗战以来的斗争经验，预见了抗战的各个阶段，驳斥了亡国论，否定了速胜论，指出中国必将胜利，抗日战争是持久战，革命战争必须依靠人民。;;;;;;;;;;;;;x
CHC_Event_1000053_option;兵民是胜利之本;;;;;;;;;;;;;x
CHI_Event_1000054_option;绝不准毛泽东在延安当精神领袖;;;;;;;;;;;;;x
CHC_Event_1000056;黄崖洞兵工厂;;;;;;;;;;;;;x
CHC_Event_1000056_desc;八路军总部兵工部奉朱德总司令和左权副总参谋长的命令，将原先设立在榆社县韩庄村的兵工厂总部修建所转移到黄崖洞，并且扩建为当时华北敌后我八路军最大的兵工厂。;;;;;;;;;;;;;x
CHC_Event_1000056_option;开始建设;;;;;;;;;;;;;x
CHI_Event_1000057;中华民国对日宣战;;;;;;;;;;;;;x
CHI_Event_1000057_desc;继美、英、加拿大与日开战之后，中华民国重庆国民政府亦声明对日本宣战。;;;;;;;;;;;;;x
CHI_Event_1000057_option;6666666;;;;;;;;;;;;;x
CHI_Event_1000059;长三角大屠杀;;;;;;;;;;;;;x
CHI_Event_1000059_desc;日军在从上海杀向南京的过程中，一路烧杀抢掠，途径太仓、苏州、无锡、常州、湖州、嘉兴、镇江、溧阳、金坛等县乡，死亡人数不少于30万人。;;;;;;;;;;;;;x
CHI_Event_1000059_option;国耻;;;;;;;;;;;;;x
Nanking_japan;南京・百人斩;;;;;;;;;;;;;x
Nanking_japan_desc;皇军轻而易举地占领了支那的首都――南京。这些懦弱的支那奴隶，只配给皇军试刀。在这场鲜血的盛况中，有两位帝国军人展开了杀人比赛，向井敏明少尉杀了106人，野田i少尉杀了105人。这两位勇士的英勇行为，深深彰显了帝国武士的强大力量。;;;;;;;;;;;;;x
Nanking_japan_option;他们是优秀的帝国军人;;;;;;;;;;;;;x
Nanking_china;南京！南京！;;;;;;;;;;;;;x
Nanking_china_desc;淞沪失败后，南京兵临城下，国民政府声称“誓与南京共存亡”以安民心，蒋委员长随即飞往武汉。日军杀向南京，国军丢盔弃甲，百姓在劫难逃。日军在南京城及附近地区对大量平民及战俘进行长达四十多天的屠杀、抢掠、强奸。南京大屠杀的死亡人数在30万以上。;;;;;;;;;;;;;x
Nanking_china_option;国耻;;;;;;;;;;;;;x
Sanguang_japan;烬灭作战;;;;;;;;;;;;;x
Sanguang_japan_desc;支那的共产党游击队，给大日本皇军的东亚圣战造成了很大的破坏。这些人长于谍报，意志顽强。但是我们发现，他们活动的基础是平民。反正支那人早晚要被大日本帝国给彻底灭绝，就在这时先给他们一个重重的教训吧，这样支那人就不敢与我们为敌。;;;;;;;;;;;;;x
Sanguang_japan_option;天皇万岁;;;;;;;;;;;;;x
Sanguang_china;三光政策;;;;;;;;;;;;;x
Sanguang_china_desc;「三光政策」，即“杀光、抢光、烧光”，日军称之为「烬灭作战」。在正面战场，国民党西南大退却之后，日军气焰甚强，但战线、补给线随之拉长，我敌后游击作战的钳制作用也愈发明显。日本侵略者为了彻底摧毁敌后军民的作战意志，加紧这一惨无人道的方针，使得我根据地受到严重摧残，人民遭受惨烈屠杀。但尽管如此，我敌后军民的抗战意志分毫未减，反而更强了。;;;;;;;;;;;;;x
Sanguang_china_option;抗战到底;;;;;;;;;;;;;x
CHI_Event_1000064;青年军成立;;;;;;;;;;;;;x
CHI_Event_1000064_subtitle;宁为百夫长，胜作一书生。;;;;;;;;;;;;;x
CHI_Event_1000064_desc;接收了诸多国际军事援助物资的国民党军队，面对着不复当年的日本军队，仍然是一败再败。“陪都重庆，面临威胁，政府打算必要时，迁都西康。”近日，蒋介石下令战争总动员，发出「一寸山河一寸血，十万青年十万军」的号召，为了鼓励知识青年从军，提出各种优待条件，如：复员后可以免考免费升学；愿意就业的可以优先就业；大学生可以公费留学等等。青年军先后成立了九个师。蒋介石对青年军的人事安排很重视，力求打造一支精锐党化新军，从而为反共内战做准备。;;;;;;;;;;;;;x
CHI_Event_1000064_option;青年新军，党国利剑;;;;;;;;;;;;;x
CHI_Event_1000065;远征军入缅作战;;;;;;;;;;;;;x
CHI_Event_1000065_desc;不可一世的英国人在缅北接连失利，他们向我们提出了派遣远征军的请求。这一远征军由中国组织人力，美国配备武器，英国负责指挥。缅甸地区是争取国外援助的最后生命线，如果滇缅公路不保，外援即几乎无法进入中国。英国正在等待我们的态度。;;;;;;;;;;;;;x
CHI_Event_1000065_option;派遣;;;;;;;;;;;;;x
ENG_Event_1000066;中国同意派遣远征军;;;;;;;;;;;;;x
ENG_Event_1000066_desc;近日，中华民国政府与英国方面在重庆签署「中英共同防御滇缅路协定」，并答应了组建远征军支援缅北。;;;;;;;;;;;;;x
EVTNAME520;中日战争进入相持阶段;;;;;;;;;;;;;x
EVTDESC520;我们的半壁江山，包括我们的首都――南京，除了共产党游击区外，牢牢地掌握在了日本人的手里，现在的局势，需要我们与日寇相持下去，以坚持到抗战胜利。;;;;;;;;;;;;;x
EVTOPTA520;中国必胜;;;;;;;;;;;;;x
jiangyin;江阴海战;;;;;;;;;;;;;x
jiangyin_subtitle;半夜军行戈相拨，风头如刀面如割。;;;;;;;;;;;;;x
jiangyin_desc;江阴地处长江咽喉要道，中国海军上将陈绍宽于此下令海军将士全体沉船封江，拱卫京畿，誓死报国。在日本海军航空兵的攻袭之下，中国海军第1舰队、第2舰队与敌奋战六回合，最终全军覆没，壮烈殉国。;;;;;;;;;;;;;x
jiangyin_option;向他们致敬;;;;;;;;;;;;;x
songhu;淞沪会战;;;;;;;;;;;;;x
songhu_subtitle;少妇城南欲断肠，征人蓟北空回首。;;;;;;;;;;;;;x
songhu_desc;「八一三事变」爆发后，国民政府军事委员会调遣第八、第九集团军展开淞沪作战。正当战事进展顺利之时，蒋委员长却因仍对英美国联抱有幻想，以「布鲁塞尔会议」将要进行，中国应表示和平诚意为由，下达了停止进攻的命令，又一次给了侵略者调兵遣将的机会，国军先发制人的战略失败，张治中辞职，从此拒绝带兵。后蒋介石对淞沪战场投入兵力达七十万以上，日军亦投入十三万人。\n“战争是毁灭性的。日军的舰炮轻易能锁定长江、黄浦江上的目标，在一马平川的地域上打击中国军队。南京政府不下令撤退，反而投入了更多的军队。在三个月的战斗中，二十七万的中国军队，足足有60%的国军边防军和蒋介石现代化军队的核心，或死或伤。”――「剑桥中华民国史」\n此战日军伤亡40372人。在这三个月中中央银行的库存黄金成功转移，民族资产阶级也自发组织了工业的转移。;;;;;;;;;;;;;x
taierzhuang;台儿庄会战;;;;;;;;;;;;;x
taierzhuang_subtitle;羌笛何须怨杨柳，春风不度玉门关。;;;;;;;;;;;;;x
taierzhuang_desc;日军矶谷师团攻克滕县、枣庄、峄县，并向台儿庄发起猛攻。第五战区司令李宗仁将军听取了周恩来递交的意见，采取诱敌深入、待机围歼的方针，并向蒋委员长要求“不要指挥五战区的部队”。川军将领王铭章在藤县英勇殉国，池峰城将军曾组织囚犯、溃兵、司务人员组成敢死队，一度收复台儿庄大部分阵地。二十军团汤恩伯虽想保存实力，迁延时日，但在李宗仁告状、蒋介石训斥的逼迫下，最终也不得不展开进攻。新四军部队也在广大淮河流域积极活动，使津浦路南段日军不敢贸然北上支援。最终，「濑谷支队」、「坂本支队」遭受重创。此战是中国正面战场取得的首次大胜。在历时半个多月的激战中，中国军队牺牲五万余，歼敌一万余。国内欢欣鼓舞，敌寇气焰受挫。;;;;;;;;;;;;;x
taierzhuang_option;太好了;;;;;;;;;;;;;x
zhongtiaoshan;中条山会战;;;;;;;;;;;;;x
zhongtiaoshan_desc;中条山与太行、吕梁、太岳三山互为犄角，战略地位十分重要。十八万国军在此对阵十万日军，国军惨败，被俘三万五千余，弃尸四万二千余，日军仅战死673人，负伤2292人。蒋介石称此役为“抗战史上最大之耻辱”。;;;;;;;;;;;;;x
zhongtiaoshan_option;我们的耻辱;;;;;;;;;;;;;x
JAP_Event_1000071;中原大捷;;;;;;;;;;;;;x
JAP_Event_1000071_desc;皇军在中条山地区取得了辉煌的战果，我们以战死673人，负伤2292人的代价，使得支那军队遗弃了4.2万具尸体，并俘虏了3.5万支那人，这说明大日本皇军是不可战胜的战神。;;;;;;;;;;;;;x
JAP_Event_1000072_desc;近日，北支那派遣军司令官多田骏中将组织制定了「治安肃正纲要」，针对北支那地区的中共匪患，规定了肃正作战、治安工作和栽培亲日武装等任务，以铁路为柱，公路为链，碉堡为锁，对北支那地区进行肃正清剿，并加紧推行「烬灭作战」，如此，共匪的处境将更加艰难。;;;;;;;;;;;;;x
JAP_Event_1000072_option;着实高明;;;;;;;;;;;;;x
CHC_Event_1000073;囚笼政策;;;;;;;;;;;;;x
CHC_Event_1000073_desc;日本华北方面军为巩固华北的占领区，消灭我八路军，破坏抗日根据地，制定了「治安肃正纲要」。首先，日军以铁路为柱，公路为链，碉堡为锁，大规模地以奇袭、扫荡、围攻等方式对付我八路军；其次，建立「爱护村」和保甲制度，建立伪政权；再次，收编土匪武装，扩大伪军，建立伪警察和保甲自卫队等。该计划准备在一年时间里分三期对华北实施所谓治安肃正。;;;;;;;;;;;;;x
CHC_Event_1000073_option;我们不会屈服;;;;;;;;;;;;;x
CHC_Event_1000074_subtitle;万木霜天红烂漫，天兵怒气冲霄汉。;;;;;;;;;;;;;x
CHC_Event_1000074_desc;为了打击日本政治诱降攻势的嚣张气焰，打破日寇“囚笼政策”的阴谋以坚持敌后抗战，八路军总部电令晋察冀军区、120师、129师对正太路实施破袭计划。原计划动用22个团，后一度共有105个团共20万人参加战斗，破袭铁路，拔除据点，并对日伪军相机实施沉重打击。历时五个月的「百团大战」开始了。;;;;;;;;;;;;;x
CHC_Event_1000074_option;为了民族;;;;;;;;;;;;;x
CHI_Event_decs2000079;滇缅公路，即中国云南到缅甸的公路。建滇缅公路于1938年开始修。公路与缅甸的中央铁路连接，直接贯通缅甸原首都仰光港。滇缅公路原本是为了抢运中国政府在国外购买的和国际援助的战略物资而紧急修建的，随着日军进占越南，滇越铁路中断，滇缅公路竣工不久就成为了中国与外部世界联系的唯一的运输通道。这是一条诞生于抗日战争烽火中的国际通道。这是一条滇西各族人民用血肉筑成的国际通道，滇缅公路在第二次世界大战中扮演者重要的角色。;;;;;;;;;;;;;x
CHI_Event_551_decs;攻击军即国民政府与1937年同苏联签订《中苏互不侵犯条约》后接受苏联援华装备后装备的苏械部队，编制与一般部队不同。国民政府共组建了四支攻击军，分别为第一军、第二军、第五军及第七十四军（第五军在远征军事件里有，所以不做）。苏械攻击军是国民党军的精锐部队，所以在历史上国民政府为了保存实力极少使用，甚至出现了第一军精锐不打鬼子而去修筑铁路的状况，只有74军一直在战场上与日军周旋，被日军称为“支那铁军”。;;;;;;;;;;;;;x
CHI_Event_550_decs;德械师是中德合作期间组建的装备德械或仿制德械装备的步兵师，军队由德国顾问训练，士兵素质较高，战斗力远高于普通陆军部队，是国民党军抗战早期的主力部队。严格意义上的德械师有36死、87师、88师、教导总队及税警总团。;;;;;;;;;;;;;x
ENG_Event_decs2000081_decs;日本在中国的扩张已经威胁到了大英帝国在亚洲的利益。日方为了其军事需要，要求我方立刻关闭滇缅公路。;;;;;;;;;;;;;x
SOV_Event_decs2000073;日本的扩张已经威胁到了我们在远东的利益。我们已经同中国签订了互不侵犯条约，我们是否要援助中国以牵制日本，以满足我们远东战略的需要。;;;;;;;;;;;;;x
CHI_Event_decs2000075;总统，苏联已经同意援助我国，我们的抗战还是有希望的！国际社会还没有抛弃我们。;;;;;;;;;;;;;x
CHI_Event_decs2000077;滇越铁路由法国政府在1903年10月始建，1910年1月正式通车，跨越金沙江、珠江、红河三大水系。滇越铁路是中国最早修筑的铁路之一，也是连接中国云南省会昆明市与越南首都河内和北方最大的港口城市海防市的国际铁路，是中国数万劳工用生命堆砌出的工程奇迹，更是法国掠夺中国财富的重要证据。抗日战争爆发后，上海、广州、香港等沿海重要口岸相继沦陷，过去不受国民党政府重视的滇越铁路，便成为当时惟一与世界反法西斯同盟国相联系的铁路国际运输线。国民政府根据《中法会订云南铁路章程》“万一中国遇有战事，该铁路悉听中国调度”的规定，任命原北宁铁路局局长沈昌为少将司令，负责滇越铁路的军运工作，滇越铁路也成为了中国抗战物资运输大动脉。;;;;;;;;;;;;;x
ENG_Event_decs2000082;国际社会的压力越来越明显，我们是否要重新开放滇缅公路，以保全我们在远东的利益。;;;;;;;;;;;;;x
CHI_Event_decs2000083;那些自私怯懦的英国绅士们关闭了滇缅公路，我们现在只能孤军奋战了。;;;;;;;;;;;;;x
CHI_Event_decs2000084;那些自私的英国绅士们迫于国际压力重新开放了滇缅公路，国际社会还没有抛弃我们！中国万岁！。;;;;;;;;;;;;;x
ENG_Event_decs2000086;帝国在缅甸未表现出充足的坚守决心，南部重镇仰光于3月8日轻陷敌手，缅甸出海口事实上已被封闭。同时，在东南亚战场，帝国军队全面溃败，日军控制南太平洋，我们只能是放弃缅甸以保全印度了。;;;;;;;;;;;;;x
"""CHI_Event_decs2000087;驼峰航线是中美两国二战期间，为抗击日本法西斯侵略，保障中国战略物资运输，共同在中国西南山区开辟的空中通道。它的开辟是两国飞行人员共同创立的世界航空史上的英雄壮举。驼峰飞行员克服重重艰难险阻，英勇牺牲，飞越驼峰天险，打破了日军对中国的围困，运来了对日作战的急需的战略物资，架设了空中战争生命线，对打败日本军国主义作出了不可磨灭的贡献。;;;;;;;;;;;;;x"
CHI_Event_decs2000088;中印公路，是第二次世界大战期间中美两国合作修建的、自印度利多至中国昆明的国际军用战略公路。曾命名为"史迪威公路"，由印度利多(现译雷多)经缅甸的密支那至中国云南边境畹町的路段，称"利多公路"。至1945年1月全线通车，历时2年零3个月。美方投入费用1.5亿美元;中方亦投入工程款2亿元(中华民国法币)。筑路工程浩大，作业条件恶劣，要不断克服崇山峻岭、江河峡谷、高草丛林、沼泽泥泞、暴雨山洪、酷暑病害等困难。在有些路段(如修复惠通桥)，筑路人员不得不在日军航空兵、炮兵轰击的条件下作业。为了及早使公路通车，他们还抢修了自中国保山至缅甸密支那的急造军路作为支线。中印公路建成以后，同盟国与中国之间恢复了陆上交通联系，作战物资得以通过公路运往中国内地。后来随着太平洋战争战局的发展，日军被逐出缅甸，中印公路逐渐失去了战略价值。;;;;;;;;;;;x
Event2100101title;签订《中苏互不侵犯条约》;;;;;;;;;;;;;x
Event2100101desc;日本在亚洲的扩张已经威胁到了苏联在远东的利益，为了牵制日本，苏联与8月20日同南京国民政府于南京签订了《中苏互不侵犯条约》。根据这一条约，苏联不仅对中国的抗战给予道义支持，也提供了大量军事援助。;;;;;;;;;;;;;x
Event1200001title;签署《中美抵抗侵略互助协定》;;;;;;;;;;;;;x
Event1200001decs;1942年6月2日中美两国代表在华盛顿签署了《中美抵抗侵略互助协定》(亦称《中美租借主体协定》)，中国正式成为租借协定的受援国。协定声明中国防御及抵抗侵略对于美国之防御关系至为重要，两国政府议定美国政府将继续以美国总统准予转移或供给防卫用品、防卫兵力及防卫情报提供给中国政府;中国政府将继续协助美国国防及其加强，并以其所能供给之用品、兵力或情报供给之。;;;;;;;;;;;;;x
Event1200002desc;大英帝国将向世界宣布，日本侵略中国是绝对合法的！我们充分认识到正广泛发展着军事行动状态下的中国的实际局势，在此种局势继续存在之时，帝国无意鼓励任何有损于日本军队的行动与举措，我们为了保证自己的立场，将严禁在华的我国当局和侨民有不利于日本军队的举措。;;;;;;;;;;;;;x
Event1200003desc;英国已经同日本签署了《协定》，承认日本侵略我国是合法的，这些英国佬就等着同样的事情发生在他们身上吧！;;;;;;;;;;;;;x
Event_3000086decs;司令，日本人有意联合我们，而且对司令许以高官厚禄，我们是否可以连日反蒋，以增加我们的实力。;;;;;;;;;;;;x
"Event_3000087decs;司令，日本人有意联合我们，而且对司令许以高官厚禄，我们是否可以连日反蒋，以增加我们的实力,巩固我们在山西的地位。;;;;;;;;;;;;x"
"Event_3000089decs;司令，日本人有意联合我们，而且对司令许以高官厚禄，我们是否可以连日反蒋，以增加我们的实力,巩固我们的地位。;;;;;;;;;;;;x"
Event_3000091decs;共匪东征进攻山西后留下的势力日益壮大，我们有必要设立一个防共间谍网络。;;;;;;;;;;;;x
Event_3000092decs;（一）在各县境内通共、扶共等人应严拿立予枪毙。 （二）凡在省会内拿获确有证据之共产党者，每名赏大洋1000元。 （三）拿获共探者每名赏钱200大洋。 （四）通风报信因而拿获者，每名赏钱50大洋。 （五）赏洋应立刻向绥署领取。;;;;;;;;;;;;;;x
Event_3000093decs;自从开始防共之后，山西全省草木皆兵，为了领奖，乞丐、旅行者、小贩等各色人等都成立共产党，甚至在身上搜出红线、红布条等也会被当即逮捕。由于“嫌疑犯”杀得太多，就连阎锡山本人也都承认有草菅人命之嫌。;;;;;;;;;;;;;x
Event3000097_decs;“救国大计，非一手一足之烈所能集事。敝军抗日被阻，然此志如昨，千回百折，非达目的不止，亦料先生有觉悟一日”共产党方面对我们表示谅解，我们应该同共产党合作，以增强我们的实力，巩固我们的地位。;;;;;;;;;;;;;x
Event_3000098decs;1936年9月，阎锡山在山西设立了以动员山西民众抗日救亡为宗旨的牺牲救国同盟会，并由阎锡山亲任会长。;;;;;;;;;;;;;x
Event_3000098option;和平已到绝望时刻，牺牲已到最后关头！;;;;;;;;;;;;x
Event3000099decs;日军犯绥，大有将绥远从中央分裂之势，傅作义将军孤军奋战，虽斩获颇丰，但日伪军装备精良、训练得当，并且得到日军的援助，对我军有优势。我们是否请示中央出兵绥远，以助前线忠勇将士一臂之力。;;;;;;;;;;;;;x
Event500000decs;绥东战起，群情激奋，我前线忠勇将士英勇抗击日伪，虽痛歼日伪、挫其气焰，但日军装备精良、训练得当，绝非乌合之众。目前，晋绥军将领及阎锡山等全国各界人士都希望中央可以出兵绥远前线，阎锡山本人也表示“一旦中央军出兵，他将会交还山西军政、经济大权于中央。”是否出兵我们应该可以考虑一下。;;;;;;;;;;;;;x
Event3000000decs;自共匪进犯山西与中央结盟后，蒋介石部队在山西拉拢了我们的将领及一些要员，有架空我们的企图。;;;;;;;;;;;;;x
Migration Period1_desc;1937年全面抗战爆发后，由于战局恶化，东部沿海工业开始大规模向西南大后方迁移的过程。在此期间，大量工业企业迁入西南内地，一定程度上保存了我国的民族工业，为抗战的胜利打下了物质基础。东部工业大规模内迁，构成我国工业布局的一个重大的变革。1937年8月12日至11月12日在上海工厂联合迁移委员会和工矿调整处共同努力下，共迁出民营工厂148家，工人2100多名，机器物资12400吨(未迁出上海的工厂有2270家)。内迁的工厂第一步先迁到武汉、长沙，第二步再迁四川。;;;;;;;;;;;;;x
Migration Period2_desc;沿海的工业在日军开始进攻广州及福建之后开始了第二次大规模的内迁，在1940年后，内迁的民族工业已经达到了近700余家，并在大后方形成了11个工业区，极大地保存了中国的战争实力，为抗日战争做出了极大的贡献。;;;;;;;;;;;;;x
Migration Period3_desc;1940年后，大量内迁的工业开始恢复，于是便在大后方形成了11个主要的工业区，主要分布于川滇黔桂湘陕陇七省。但由于中国近代民族工业的孱弱又受到战火摧残及国民政府内部腐败，虽然建立起来11个工业区，也只有重庆工业区最为正规，其他的工业基地（除云南外）都只能勉强投入生产。但是，无论如何，工业内迁产生的这些工业区极大程度上的保留了中国的战争资本，是中国持久战的物质基础，是中国民族工业大迁徙的伟大壮举的产物。;;;;;;;;;;;;;x
Migration Period4_desc;随着淞沪会战中国军队的溃败，以及日军在杭州湾的大规模登陆，江浙、淞沪地区的高等学府首先开始了向大后方的转移。;;;;;;;;;;;;;x
Migration Period5_desc;随着国民党军在平绥路的大溃败，为了保存中国的教育力量，平津地区的国立清华大学以及北大、南开等一系列的高等学府于38年初开始了向大后方的转移。后来于湖南长沙创办了长沙临时大学――国立西南联合大学的前身。;;;;;;;;;;;;;x
Migration Period7_desc;国立长沙临时大学是由清华、北大、南开等高等学府于内迁至长沙之后开办的，一直维持到了38年的7月份，由于日军向中国腹地进犯以及武汉会战的爆发，长沙临时大学被迫内迁至云南昆明又与其他大学联合组建成为国立西南联合大学。;;;;;;;;;;;;x
Migration Period8_desc;国立西南联合大学，是中国抗日战争期间设于昆明的一所综合性大学。1938年4月，国立北京大学、国立清华大学、私立南开大学从长沙组成的国立长沙临时大学西迁至昆明，改称国立西南联合大学。1937年，卢沟桥事变后，日本发动全面侵华战争。为保存中华民族教育精华免遭毁灭，华北及沿海许多大城市的高等学校纷纷内迁抗日战争八年间，迁入云南的高校有10余所，其中最著名的是国立西南联合大学。从国立长沙临时大学于1937年8月建立，到国立西南联大1946年7月31日停止办学，西南联大共存在了8年零11个月。西南联大保存了抗战时期的重要科研力量并培养了杨振宁、邓稼先等一大批优秀学生，为中国以至世界的发展作出了贡献。因其成就显著，有“内树学术自由，外筑民主堡垒”之美誉。;;;;;;;;;;;;;x 
CHC_EVENT289999_title;陕甘宁边区第一届参议会在延安召开;;;;;;;;;;X
CHC_EVENT289999_desc;1939年1月初，毛泽东代表中共中央在陕甘宁边区第一届参议会上讲话时，提出了“发展生产，自力更生”的口号，号召边区人民群众和部队、机关、学校全体人员开展必要的生产。此次参议会还通过了高克林等提议的“工作人员参加生产运动案”，交付边区政府实行。自此，党内部重军事而轻经济的思想开始有了初步的改变，根据地内掀起了开展生产运动的热潮，但到了1940年又渐入消沉。;;;;;;;;;;X
CHC_EVENT289999_option;发展生产，自力更生，支援前线打胜仗;;;;;;;;;;X
Event289999_modifier;生产运动;;;;;;;;;;X
CHC_EVENT290000_title;三年饥荒;;;;;;;;;;X
CHC_EVENT290000_desc;自1940年开始到1942年，陕甘宁边区及附近地区连年遭受自然灾害，使边区的经济困难更加严重。据不完全统计：陕甘宁边区1940年遭受水、旱、风、雹的侵袭，受灾面积4298312亩，损失粮食235850石（每石300斤），受灾人口515145人；1941年，受灾面积603558亩，损失粮食47035石，受灾人口90470人；1942年，受灾面积856185亩，损失粮食79720石，受灾人口352922人。尤其以1940年的灾情最为严重，致使当年的春夏之交，青黄不接，群众生活艰难至极，边区的粮食供应陷入极大的紧张和恐慌。;;;;;;;;;;X
CHC_EVENT290000_option;国难当头，大家加把油，挺过这段苦日子，早日赶走日本鬼子;;;;;;;;;;X
Event290000_modifier;三年饥荒;;;;;;;;;;X
CHC_EVENT290003_title;大生产运动;;;;;;;;;;X
CHC_EVENT290003_desc;自武汉沦陷后，逐步将其主要的侵华军事力量转向各敌后抗日根据地进行扫荡；同时从皖南事变后，国民党给八路军的军饷彻底停发，同时海外华侨及后方进步人士的捐款也因封锁而停止了汇兑。与此同时，1940年开始的大饥荒使根据地的粮食和生活用品严重短缺，而且非生产人员的增加，加重了边区的财政困难，边区已没有足够的财力购粮，只能全部依靠向当地农民征粮。农民的公粮负担迅速由1939年的5万担增至1940年的9万担，1941年更是增加到20万担。农民生产积极性和革命热情逐渐低沉，对此，毛泽东进行了紧急调查，并在党内做思想工作，最终毛泽东的看法被党中央接受，有力推动了大生产运动的展开。 ;;;;;;;;;;X
CHC_EVENT290003_option;自己动手，丰衣足食;;;;;;;;;;X
Event290003_modifier;大生产运动;;;;;;;;;;X
CHC_EVENT290004_title;南泥湾;;;;;;;;;;X
CHC_EVENT290004_desc;1941年3月，三五九旅七一七团率先开进了南泥湾。不久，其他各团及三五九旅旅部也进驻了垦区。中共中央和中央军委各直属单位随后也来到南泥湾参加垦荒。一时间，在南泥湾掀起了一个开荒生产的热潮。经过三五九旅广大指战员辛勤地劳动，大生产运动取得了显著成绩。1941年，他们开荒11200亩，收获细粮1200石，粮食自给率达到78.5%。1942年，三五九旅耕种面积达到26800亩，收获细粮3050石。;;;;;;;;;;X
CHC_EVENT290004_option;陕北的好江南;;;;;;;;;;X
CHC_EVENT289998_desc;电令胡宗南及其西安行营封锁陕甘宁边区.;;;;;;;;;;;;x
CHC_EVENT289997_desc;939年1月12日，中共中央政治局召开会议，讨论建立陕甘宁边区参议会的问题。毛泽东在发言中指出：六中全会后边区工作要有一个推动，要从边区议会做起，使边区能应付困难环境，造成对外有好的影响，因此边区议会要开。;;;;;;;;;;;;;x
Event19361title;平津学生南下组成抗日宣传团;;;;;;;;;;;;;x
Event19361subtitle;救亡图存;;;;;;;;;;;;;x
Event19361desc;平津学生南下扩大宣传团是一二九运动后北平、天津学生为南下宣传抗日救亡而组织的爱国学生组织。一二九运动后北平、天津学生为南下宣传抗日救亡而组织的爱国学生组织。一二九运动后，国民党采取种种措施，分化、破坏学生运动。这时，党指出，学生运动必须和工农兵抗日斗争结合起来，才能达到胜利。团中央根据党的指示，于1935年12月20日发表《为抗日救国告全国各校学生和各界青年同胞宣言》，号召青年学生到工农兵商中去，“实行全民抗日救国大联合”。北平党组织经过研究，决定利用寒假，组织“平津学生南下扩大宣传团”。12月底，平津学生联合会成立，郭明秋任执行主席。1936年1月，平津学联组成“平津学生南下扩大宣传团”。董毓华、宋黎、江明任总指挥，彭涛任党团书记。宣传团成员多为一二九运动的骨干，约500人。1936年1月3日，宣传团开始沿平汉路南下。宣传团沿途宣传日军在东北的暴行和华北危急情况，演出歌颂东北义勇军的话剧《打回老家去》，还帮助农民建立抗日救国组织。宣传团历时3周，徒步700里，促进了广大群众的觉醒，撒下了抗日的火种。宣传团的活动，引起了国民党的恐惧，遭到国民党军警的包围和殴打。为了保存力量，坚持长期斗争，宣传团到高碑店、保定后，返回北平。后来，在北平地下党领导下，以宣传团为基础，成立了“中国民族解放先锋队”。;;;;;;;;;;;;;x
Event19365title;建立中华民国宪兵学校;;;;;;;;;;;;;x
Event19365desc;我兵，Y源甚古，但革命兵之建立，t自  父O中山先生，於民三年V州大本I手定「兵服找程」始r期後民十四年第二次|征之役，先y  Y公正式M兵，於民二十一年成立兵司令部，同年民政府C选兵令」始兵部之M、指]、、勤盏雀鞣N制度，得以_立，先後vr凡六十年，此期g，先烈先t之K淡I，^Y造，其用心之苦，用力之勤，\令吾人景仰不矗永ay忘。（这里用繁体有两个原因1.增强带入感2.宪兵学校的资料大多是繁体字文章）。;;;;;;;;;;;;;x
Event19366desc;3月下旬，中共中央政治局在山西西部召开会议，并且讨论了如下问题：一、共产国际第七次代表大会的决议和如何建立和发展抗日民族统一战线问题；二、中国共产党的军事战略方针，争取迅速直接对日作战的问题。;;;;;;;;;;;;;x
Event19367desc;"阿部定事件"指的是女佣阿部定于昭和十一年(1936年)5月18日在日本东京都荒川区尾久的茶室，将情人绞杀并切除其生殖器的事件。该事件的审判结果，被定为痴情所致。阿部定接受了服刑6年的判决，于1941年刑满出狱。之后，阿部定过着普通的市民生活，但在1971年突然行踪消失，以后去向不明。由于事件的猎奇性，在事件发生及阿部定逮捕(1936年5月20日)后，日本新闻界号外迭出，在当时，这是一起引起人们极大关心的事件。即使在现在，很多日本人只要一提起"阿部定"这个名字，就会联想起该事件，由此可见其知名度之高。;;;;;;;;;;;;;x
Event19368desc;图灵机，又称图灵计算、图灵计算机，是由数学家图灵(1912~1954)提出的一种抽象计算模型，即将人们使用纸笔进行数学运算的过程进行抽象，由一个虚拟的机器替代人们进行数学运算。;;;;;;;;;;;;;x
Event19369decs;1936年5月31日，全国20余省市60多个救亡团体和十九路军代表共70余人在上海集会，宣告成立全国各国救国联合会。联合会由沈钧儒、章乃器、陶行知、邹韬奋等人发起组织。主要领导人有沈钧儒、章乃器、李公朴、邹韬奋、沙千里、王造时、史良、陶行知等。救国会呼吁全国各党各派立即停止军事冲突，立即派遣正式代表进行谈判，以便制定共同抗敌纲领，建立一个统一的抗敌政权。并且选举宋庆龄、何香凝、马相伯、邹韬奋等40多人为执行委员，沈钧儒、章乃器、李公朴、史良、沙千里、王造时、孙晓村、曹孟君、何伟等14人为常务委员。全国各界救国联合会的成立，进一步从政治上、组织上巩固和扩大了全国抗日救国运动的阵地。7月15日，沈钧儒、章乃器、陶行知、邹韬奋联名发表题为《团结御侮的基本条件与最低要求》的告全国同胞书，全面阐述了救国会的立场，表示赞同中国共产党提出的停止内战、一致抗日的主张，要求国民党改变“先安内后攘外”的方针，联合红军，共同抗日。救国会的号召产生了很大的影响。华北、西北、华南等地区以至在旅居欧美、东南亚的华侨中，相继成立了各界救国联合会。据估计，到1936年底，全国救国会会员人数达数十万人。中国共产党对全国各界救国联合会给予高度的评价。9月18日，毛泽东致函章乃器、陶行知、邹韬奋、沈钧儒，指出救国会的抗日救国的言论和英勇的行动，已经引起全国广大民众的同情，使全体红军和苏区人民发生无限的敬意。同时表示中国共产党愿同救国会在各方面作更广大的努力与更亲密的合作，并派潘汉年与救国会领导人经常交换意见。1945年冬，救国联合会改名为中国人民救国会。1949年12月18日，救国会鉴于它所担负的历史任务已经完成，在北京宣告结束。;;;;;;;;;;;;;x
Event193610desc;1936年6月斯诺访问陕甘宁边区，写了大量通讯报道，成为第一个采访红区的西方记者。随后于1937年发表了《西行漫记》。在斯诺回到北平之后即发表了大量通讯报道，还热情向北大、清华、燕大的青年学生介绍陕北见闻。1937年3月5日和22日借燕大新闻学会、历史学会开会之机，在临湖轩放映他拍摄的反映苏区生活的影片、幻灯片，展示照片，让国统区青年看到了毛泽东、周恩来、彭德怀等红军领袖的形象，看到了“红旗下的中国”。;;;;;;;;;;;;;x
Event1936113desc;小说《飘》是《Gone with the Wind》的译名，作者玛格丽特・米切尔（Margaret Mitchell），这是她生前唯一出版的一部小说。故事发生在佐治亚州的琼斯博罗和亚特兰大，讲述了南北战争期间（American Civil War）、内战后南方重新组织并与联邦政府重建关系的过程（Reconstruction）及其后女主人公斯嘉丽・奥哈拉（一个农场主的女儿）的传奇生活。玛格丽特・米切尔于1926年开始创作长篇小说《飘》。历时10年，小说问世。1937年，获得美国普利策文学奖。1949年，米切尔因车祸离开人世。《飘》是她惟一的一部文学作品，它不仅成为美国的文学经典，而且跻身于世界文学名著之林，自问世以来，不断地被译成各种文字，至今仍是长销不衰。;;;;;;;;;;;;;x
Event193611desc;王亚樵(1889-1936)，字九光，抗日志士，民族英雄。1921年创建斧头帮，斗败黄金荣、杜月笙，替穷人撑腰。1923年11月10日暗杀淞沪警察厅长徐国梁，事发后投奔卢永祥，在湖州征兵，与戴笠、胡宗南结为金兰兄弟。1926年任安徽副宣慰使，宣传北伐。1927年出席南京奠都典礼大会，指责蒋介石发动四一二反革命政变，引起蒋介石不满。1928年8月18日暗杀安徽建设厅长张秋白，1930年7月24日暗杀上海招商局总办赵铁桥，号称暗杀大王。1931年6月14日在庐山刺杀国民政府主席蒋介石未成，同年7月23日在上海北站枪击国民党财政部长宋子文。1932年日寇发动一二八事变进攻上海，王亚樵组织铁血锄奸团刺杀汉奸日寇，同年4月29日暗杀日本派遣军司令白川义则。1935年11月1日策划在南京刺杀汪精卫，同年12月25日暗杀国民党外交次长唐有壬。1936年10月20日在即将投奔共产党之际，被戴笠暗杀于广西梧州。;;;;;;;;;;;;;x
Event193612desc;1936年11月1日，中共中央政治局会议作出《关于青年工作的决定》。将中国共产主义青年团组织进行根本改造，使共青团变为广大青年群众的组织，并大批吸收共青团员加入中国共产党。决定的基本精神是将共青团改造成为（民族解放性质青年群众组织）。;;;;;;;;;;;;;x
Event19362title;东征讨阎;;;;;;;;;;;;;x
Event19362subtitle;更催飞将追骄虏，莫遣沙场匹马还。;;;;;;;;;;;;x
Event19362desc;1936年1月15日，中华苏维埃共和国西北革命军事委员会主席毛泽东，副主席周恩来、彭德怀签发《关于红军东进抗日及讨伐卖国贼阎锡山的命令》，明确了对于阎锡山等亲日派的态度，随后便组建了抗日先锋军.签发《关于红军东进抗日及讨伐卖国贼阎锡山的命令》是红军东征的开端。;;;;;;;;;;;;;x
dz1title;组建抗日先锋军;;;;;;;;;;;x
"dz1decs;1936年1月15日，西北军委发布了《关于红军东进抗日及讨伐卖国贼阎锡山的命令》。根据敌人的部署情况，为了胜利进行东征,中国共产党将东征参战部队组建成为中国人民红军抗日先锋军 。;;;;;;;;;;;;x"
Event19363title;毛泽东填词《沁园春・雪》;;;;;;;;;;;;x
Event19363subtitle;《沁园春・雪》;;;;;;;;;;;;;x
Event19363desc;北国风光，千里冰封，万里雪飘。望长城内外，惟余莽莽；大河上下，顿失滔滔。山舞银蛇，原驰蜡象，欲与天公试比高。须晴日，看红装素裹，分外妖娆。江山如此多娇，引无数英雄竞折腰。惜秦皇汉武，略输文采；唐宗宋祖，稍逊风骚。一代天骄，成吉思汗，只识弯弓射大雕。俱往矣，数风流人物，还看今朝。;;;;;;;;;;;;x
Event19364title;加米施-帕滕基兴冬季奥运会在德国加米施-帕腾基兴举行;;;;;;;;;;;;;x
Event19364desc;第四届冬季奥林匹克运动会于1936年在德国的两个城市加米施和帕滕基兴举行。在这届奥运会上，主办方高效率的公共汽车服务将50万观众带到了最后一天比赛的赛场，成为早期奥运会历史上少见的盛况。在本次冬奥会中，高山滑雪在本届奥运会上首次成为正式比赛项目。;;;;;;;;;;;;;;x
0001title;陶德曼调停;;;;;;;;;;;;;x
0001decs;陶德曼调停，指中国抗日战争中，日军遭到中国军队顽强抵抗后，通过德国驻日大使示意让德国作为中日谈判的调停人，德国政府表示同意，遂决定让德国驻中国大使陶德曼(Dr.Oskar P.Trautmann )担当此任。陶德曼为和平解决中日战争而所作的调停工作就是陶德曼调停。;;;;;;;;;;;;;x
0004decs;德国外交部声明;;;;;;;;;;;;;x
0004title;德国外交部部长狄克逊向日本政府表明，日本企图利用反共产国际协定来为其进犯中国找一个体面的借口是不合作的。德国认为"日本(对中国的)进犯违背反共产国际协定精神，妨碍中国稳定，促使共产主义在中国蔓延，并最终使中国投入苏联的怀抱"。同时表示拒绝终止对华军火输出，拒绝召回在华军事顾问。;;;;;;;;;;;;;x
0001option1;尽力调停;;;;;;;;;;;;;x
0001option2;管我们什么事;;;;;;;;;;;;;x
0004option1;德国人拒绝了我们的要求;;;;;;;;;;;;;x
0004option2;再次请求;;;;;;;;;;;;;x
0005title;日本的请求;;;;;;;;;;;;;x
0005decs;日本再次请求我们我们终止对华援助及调回军事顾问.;;;;;;;;;;;;;x
0005option1;同意;;;;;;;;;;;;;x
0005option2;拒绝;;;;;;;;;;;;x
0006title;德国拒绝了日本的请求，决定继续帮助我们。;;;;;;;;;;;;;x
0006decs;德国对日态度;;;;;;;;;;;;;x
0006option;德国没有抛弃我们;;;;;;;;;;;;;x
0008title;德国的表态;;;;;;;;;;;;;x
0008decs;德国再次拒绝了我们的请求;;;;;;;;;;;;;x
0008option;这帮混蛋;;;;;;;;;;;;;x
0007title;德国表态;;;;;;;;;;;;;;x
0007decs;德国终止了对我们的援助;;;;;;;;;;;;;x
0007option;没有他们我们照样可以打赢抗战;;;;;;;;;;;;;x
0009title;德国对华态度;;;;;;;;;;;;;x
0009decs;德国同意了了我们关于终止对华援助的请求。;;;;;;;;;;;;;x
0009option;支那人不可能打下去了;;;;;;;;;;;;;x
00002title;德国派遣陶德曼调停中日战争;;;;;;;;;;;;;x
00002decs;10月30日，陶德曼拜会国民政府外交次长陈介，正式转达了德国政府愿意为中日直接谈判联系的意向。他"劝告"中国政府对将要召开的九国公约会议不要抱什么希望，应与日本直接谈判，并为此修改与苏联友好的政策。陈介表示希望知道日方的谈判条件。;;;;;;;;;;;;;x
00002option;绝不放弃和平希望;;;;;;;;;;;;;x
00003title;陶德曼访日;;;;;;;;;;;;;x
00003decs;1937年10月底，陶德曼在上海会见了即将回国的日本驻华大使川越茂。并且想要了解我国的和平条件;;;;;;;;;;;;;x
00003option;传达给南京方面和平的条件;;;;;;;;;;;;;x
00004title;日方和平条件;;;;;;;;;;;;;x
00004decs;一、内蒙古自治;二、在华北建立一个沿满洲国国境线的非军事区;三、扩大上海的非武装地带，由日本控制公共租界的巡捕队;四、停止抗日政策;五、共同反对共产主义;六、降低对日关税;七、尊重外国权益。;;;;;;;;;;;;;x
00004option;我们不可能打下去了;;;;;;;;;;;;;x
00004option2;拥护蒋委员长，誓死抗战到底;;;;;;;;;;;;;
00005title;我们的抗日战争失败了;;;;;;;;;;;;;x
00005decs;在日本人的猛烈进攻之下，我军前线忠勇将士虽英勇抗战、誓死抗日，但是在敌海陆空全线攻击之下毫无优势可言。现在，我们连作战能力稍好的中央军部队也在淞沪会战中损失殆尽，我们已经无法同穷凶极恶的日寇作战下去了。现在，我们已经将首都迁到四川积极发展工业与国防，希望十年后可以从敌人手中收复失地。而我们现在能做的只有埋头苦干了。;;;;;;;;;;;x
00006title;支那战败;;;;;;;;;;;;x
00006decs;愚蠢低劣的支那人在我大日本帝国皇军的攻击下不堪一击，好在这些支那人还有自知之明同我国签订了和约，现在我们可以迈出我们独霸世界的第一步了。;;;;;;;;;;;;x
00006option;帝国万岁！;;;;;;;;;;;;x
Event00007title;成立兰州苏维埃共和国，坚持抗战到底;;;;;;;;;;;;;x
Event00007desc;由于钢铁雄心3的引擎缺陷，我们无法制作出直接重新建国的效果。系统已将兰州割让给兰州苏维埃共和国，请玩家自行存档退出并读档（不推荐tag），选择兰州的西北国防政府，再通过点决议完成建国。;;;;;;;;;;;;;x
Event00007option;坚持抗战，拯救民族;;;;;;;;;;;;;x
00008title;抉择;;;;;;;;;;;;;x
00008decs;随着国民政府在抗日战争中的失败，我们在历史的十字路口上面临着一个艰难的抉择。;;;;;;;;;;;;;;x
00008option;拥护伟大领袖毛主席，坚决抗战到底;;;;;;;;;;;;;x
00008option;我们没有继续对日战争的资本;;;;;;;;;;;;;x
00009title;中共屈服;;;;;;;;;;;;x
00009decs;在我军强有力的打击下，延安方面的共产军终于向我军屈服了;;;;;;;;;;;;;x
00009option;天皇万岁;;;;;;;;;;;;;x
000011title共匪坚持抗日，并且向我军发动进攻;;;;;;;;;;;;x
000011decs;不自量力的共匪军队向我军西安行营及华北的日军发动进攻，我们有必要联合日方剿灭这些共匪。;;;;;;;;;;;x
000010title;支那对于调停的态度;;;;;;;;;;;x
000010decs;不自量力的支那军队坚持抗战，不过他们一定会在我军强有力的打击下灰飞烟灭。;;;;;;;;;;;;;x
000010option;天皇万岁！;;;;;;;;;;;;;x
dianjun;滇军出滇 ;;;;;;;;;;;;;x
dianjun1desc;8月9日，时任云南省政府主席龙云在南京国防会议上，主动请缨抗战，蒋介石立即授予“国民革命军陆军第六十军”番号。龙云回滇后，用28天时间，将手中的地方正规军6个旅及有关的武装迅速组建了一支出征抗战部队--第六十军，交由军长卢汉率领，出滇抗日。六十军下辖3个师，即182师、183师和184师，3个师下辖6个旅12个团，官兵总数有4万余人。龙云组建陆军第60军，以卢汉为军长，安恩溥、高荫槐、张冲分别为182师、183师、184师师长，出滇抗日。60军共有4万将士，其中彝族将士2.4万人，占总士兵的60%。1937年10月12日，60军以安恩溥的182师为先头部队，开始向贵州进发。他们走过崇山峻岭，历经40余日的艰苦跋涉，步行到湖南长沙。;;;;;;;;;;;;;x
dianjunoption1;集结军队，昆明整训。;;;;;;;;;;;;;x
dianjunoption2;即刻出发，赶赴长沙。;;;;;;;;;;;;;x
chuanjunoption1;集结军队，成都整训。;;;;;;;;;;;;;x
chuanjun;川军出川 ;;;;;;;;;;;;;x
chuanjunoption2;即刻出发，赶赴宜昌。;;;;;;;;;;;;;x
chuanjun1desc;随着‘卢沟桥事变’的爆发，全国抗战的呼声日益高涨，四川省政府主席刘湘响应人民的号召，主动向中央和全国通电请缨抗战：“和平果已绝望，除全民抗战外，别无自存之道，要求当局早决大计，甫澄愿率川军供驱遣抗敌！”在此口号之下，原本纷争不断的四川个军阀放下了以往的成见，共率30万川军出川开赴抗日前线。他们在民族危亡之际，以国家利益为重，深明大义，忍辱负重，慷慨赴死，以劣势武器，无数次与装备精良的日军进行殊死决战。根据国民政府统计，川军在抗战时期的伤亡人数约为全国抗日军队伤亡总数的1/5，居全国之冠！;;;;;;;;;;;;;x
200title;第一次庐山谈判――中共态度;;;;;;;;;;;;;x
200decs;中共方面态度：按照杭州谈判时蒋介石的要求，周恩来向蒋介石提交了由中共起草的《关于御侮救亡、复兴中国的民族统一纲领草案》，以及中共会谈的书面提纲。提纲列出18个问题，主要条件有：商议民族统一纲领；释放政治犯；停止“剿共”；派人到南方苏区联络改编红军游击队；发表边区政府委员会名单，委员为林伯渠、张国焘等；改编红军，红军设某路军总司令部，总司令朱德，副总司令彭德怀(但准备让步为总指挥部)，至少四个师，一师师长林彪，二师师长贺龙，三师师长徐向前，四师师长刘伯承；修改国民大会选举法；召开国防会议；释放沈钧儒等“七君子”等。;;;;;;;;;;;;;x
200option1;同意;;;;;;;;;;;;;x
200option2;我还有别的想法;;;;;;;;;;;;;x
201title;国民党方面同意了我们的请求.;;;;;;;;;;;;;x
201decs;再周恩来的努力之下，国民党方面终于同意了我们对于抗日御侮的初步请求。;;;;;;;;;;;;x
201option;抗日御侮;;;;;;;;;;;;;x
202title;国民党方面的意图;;;;;;;;;;;;x
202decs;国民党提出：国共两党共组“国民革命同盟会”，并以蒋介石为享有最后决定权的主席;南京政府给红军3个师的编制，副职由国民党委派，并且3个师之上只许设政治训练处指挥;毛泽东、朱德出国留洋;陕甘宁边区政府由中央政府委派正职长官。;;;;;;;;;;;;x
202option;荒唐！;;;;;;;;;;;;;x
202option2;让那两个土包子留洋去吧;;;;;;;;;;;;;x
203title;中共方面拒绝了我们的要求;;;;;;;;;;;;x
203decs;中共方面拒绝了我们的请求，朱毛周等人也绝不是等闲之辈。;;;;;;;;;;;x
203option;好吧;;;;;;;;;;;;;x
JAP_Event_decs300;南方军，是日本军国主义集团在1941年11月5日成立的战区性突击军团，与日本关东军、中国派遣军并列为海外日军的三大主力。 1941年11月5日，日本天皇批准了"南方综合作战计划"。次日，日军大本营即发布南方作战部队战斗序列，正式成立南方军。前军事参议官，资深大将寺内寿一 伯爵被特命为总司令官，前陆军参谋副长冢田攻中将出任总参谋长。;;;;;;;;;;;;;x
JAP_Event_decs299;帝国南方军忠勇将士已经攻克了缅甸首府仰光，英国人离被赶出缅甸的日子不远了。;;;;;;;;;;;;;x
JAP_Event_title299;攻陷仰光;;;;;;;;;;;;x
JAP_Event_decs298;我大日本帝国南方军已经攻陷东枝，英国人和支那人离失败不远了。;;;;;;;;;;;;x
JAP_Event_title298;攻陷东枝;;;;;;;;;;;;;x
pinghan;平汉路大溃败 ;;;;;;;;;;;;;x
pinghandesc;保定是平汉路的重要据点，东面是津浦铁路，与平津互成犄角；西面则是虎踞晋察的前站。中国军队在这一地区的部队有宋哲元的第一集团军，刘峙的第二集团军，卫立煌第十四集团军，商震第二十集团军及万福麟第五十三军。军委会以一部主力固守保定前哨涿州，并在固安、永清做为左右翼相机策应，在永定河沿岸设防。徐永昌也自石家庄移驻保定，改称“保定行营”。中国军队的部署要领是以平汉、津浦两路为轴，多线设防，控制机动兵团在两线侧翼相机迂回。日军香月清司第一军以第六、第十四、第二十师团为主力，沿平汉路两侧大举侵犯。一九三七年九月十八日，日军又向正定―德州之线进攻。板垣第五师团一部协同关东军察哈尔兵团作战，由涞源直取保定。同时，日第一军突破保定附近的中国军阵地后，向正定附近追击；第二军则以第十师团压迫德县，截断华军的退路。保定右翼守军阵地迅速被敌包围，战况急转直下，极其恶劣。不久，华军放弃永清、固安，一部退入石家庄，另遣主力开往保定增援。然而，对保定至关重要的涿县防线被日军攻破，保定防御岌岌可危。第二集团军总司令刘峙推卸责任道：“除中央军外，其它军队望风披靡，均不可靠”，要求“至少另增加中央军二师不可”。何应钦回电：“现在沪战激烈，中央部队一时不能北调，在川桂军未集中以前，应就现有兵力，努力支撑，与敌持久”。蒋介石也向刘峙发出手谕：“我军应在保定附近与敌决战。”九月二十日，日军突破徐水、遂城之线，攻占黄村，继之以优势兵力席卷关麟征第五十二军满城、漕河、新安防线。刘峙率所部退守仙人桥、大汲店和保定之线。九月二十四日，日军完成包围保定的战略部署，开始发动总攻。双方激战到十一时保定城沦陷。蒋介石为确保山西安危，令平汉路大部队向娘子关转移，巩固晋东门户，只留商震一部在平汉路作正面抵抗。十月初，日军在正定周围完成集结后，便对其外围阵地发动进攻。中国守军抵抗至暮，退守主阵地。八日，日军向正定主阵地发动总攻，炮火击毁城东北角，敌兵如潮水而涌，中国守军伤亡过半，退至城郊，撤往滹沱河南岸。次日，日军强渡滹沱河，企图从右翼包围石家庄，并从行唐、灵寿赶派增援部队三面包抄中国军主力。这时，由于第一战区的大部队已陆续转入晋东战场，石家庄兵力单薄，防御空虚，况战线太长，来不及收缩。十月十日，敌军乘中国军队阵角未稳，向万福麟第五十三军阵地攻击，战斗持续不久，日军又从石家庄西侧渡河，攻陷石家庄。;;;;;;;;;;;;;x
pinghanname;我们还没有失败。;;;;;;;;;;;;;x
songhukuibai;淞沪大溃败 ;;;;;;;;;;;;;x
songhukuibaidesc;第三战区于11月8日夜下达撤退命令时，当时左翼兵团受到的压力还较小，所以第三战区长官司令部当时是要求左翼兵团各部队务必仍固守原阵地以掩护右翼作战军撤退，而第74军51师以邱维达之306团进占青浦掩护左翼兵团后退。然而至10日12时30分，第三战区长官司令部又下达了左翼作战军撤退的训令，虽然这个命令直到11日14时各集团军总司令方接到。在整个转进期间，由薛岳总司令适应状况随时指示各集团军之行动。转进道路之分配，第15集团军及第21集团军沿沪锡公路及西侧地区，惟太仓、昆山公路由第15集团军专用，浏河、太仓公路由第21集团军专用。至于各部队之行动，应预先协商规定。尽管长官司令部的训令要求“希适应状况适宜处置之”，但实际上，随着部队的撤退，整个局面已经完全失去了控制。当第三战区各部队开始后撤的时候，日本上海特别海军陆战队及上海派遣军即乘势占领上海市区。至11月12日，上海地区全部为日军占领，原在沪西作战的中国军队也均撤离了淞沪地区。上海派遣军从11月12日开始全面进攻。其以北、中、南三路向苏州、无锡大举进犯，尾随退却的中国军直扑向西。而沿长江一线水陆并进的日军部队进展更是异常迅速，自从第16师团、重藤支队于11月13日在常熟白茆口附近登陆以后，一天内日军便接连攻占苏州以东数座重镇。这种“兵败如山倒”的情况下，负责前线指挥的第三战区副司令长官顾祝同只能随即命令各退却部队向吴福线阵地转移。预定部署右翼军坚守平、嘉阵地，阻止日本陆军第10军西进；而左翼军及右翼军被隔离于京、沪方面的部队逐次抵抗，交替掩护西退。自11月13日以来，沿京沪线西进的日军推抵到安亭西南一线，同时由白茆口、浒浦登陆的日本陆军第16师团及重藤支队进攻支塘以来，日军这一记大有截断公路交通之势的重拳就几乎使得吴福线的各退却部队发生大崩溃。一片混乱之中的部队只能仓促以左翼军向苏州、福山一线转移，右翼军向乍浦、平湖、嘉善一线转移，但这样一来，吴福防线也就基本失去了作用。虽然罗卓英的第19集团军在11月15日左右在兴隆桥、福山、常熟及沿江一带与日军激战甚烈，但根本就扭转不了溃退的局面。败退浪潮之中，各部队几乎溃不成军，唯有彭善第11师稍稍有所斩获。;;;;;;;;;;;;;x
songhuname;这不会是结束。;;;;;;;;;;;;;x
diyizhanqu;成立第一战区;;;;;;;;;;;;;x
diyizhanqudesc;成立第一战区，开进河北并且守备平汉路。;;;;;;;;;;;;;x
disanzhanqu;成立第三战区;;;;;;;;;;;;;x
disanzhanqudesc;成立第三战区以负责淞沪方面的战局。;;;;;;;;;;;;;x
2221title;是否放火焚城;;;;;;;;;;;;;x
2221decs;日军已经逼近长沙，我们是否焚毁长沙城。;;;;;;;;;;;;;x
2221option1;放火;;;;;;;;;;;;;x
2221option2;城在人在，城失人亡，誓与长沙共存亡！;;;;;;;;;;;;;x
22222title文夕大火;;;;;;;;;;;;;;x
22222decs;文夕大火于1938年11月13日凌晨发生在长沙。因应日寇的进犯，国民党当局采用焦土政策，制定了焚烧长沙的计划。但在计划正式实施之前，一系列偶然因素却让这场火灾变得完全不受控制，最终导致长沙30000多人丧生，全城90%以上的房屋被烧毁，经济损失约10亿元。也让长沙与斯大林格勒、广岛和长崎一起成为第二次世界大战中毁坏最严重的城市。是中国抗战史上与花园口决堤、重庆防空洞惨案并称的三大惨案之一。;;;;;;;;;;;;;x
22223title;国民党当局焚毁长沙城。;;;;;;;;;;;;;;x
2224title;花园口溃堤;;;;;;;;;;;;;;;x
2224decs;花园口决堤，又称花园口事件、花园口惨案，是中国抗战史上与文夕大火(长沙大火)、重庆防空洞惨案并称的三大惨案之一。1938年5月19日，侵华日军攻陷徐州，并沿陇海线西犯，郑州危急，武汉震动。6月9日，为阻止日军西进，蒋介石政府采取"以水代兵"的办法，下令扒开位于中国河南省郑州市区北郊17公里处的黄河南岸的渡口--花园口，造成人为的黄河决堤改道，形成大片的黄泛区，间接导致惨绝人寰的1942河南大饥荒， 史称花园口决堤。;;;;;;;;;;;;;;x
3220title;天镇陷落;;;;;;;;;;;;;x
3220decs;1937年8月国民革命军第六十一军在天镇县抗击日军进犯，浴血奋战十天之久。在接到阎锡山下令撤退的电报后，李服膺率部撤出防线，天镇失守。;;;;;;;;;;;;;x
3220option1好吧;;;;;;;;;;;;;;;x
3220option2;处死李服膺;;;;;;;;;;;;;;x
3221title;处死李服膺;;;;;;;;;;;;;x
3221decs;1937年8月李服膺奉令率六十一军，在天镇县抗击日军进犯，浴血奋战十天之久。在接到阎锡山下令撤退的电报后，李服膺率部撤出防线，天镇失守。结果被阎锡山以擅自后退为由枪决。时任二战区第七集团军总司令的傅作义曾痛惜的说:盘山失守怎么竟把罪责全落在李军长一人身上，真是可恨、可惜又可叹!他虽然牺牲了，但是，是有代价的!;;;;;;;;;;;;;x
3221option1;好吧;;;;;;;;;;;;;x
3222title;郝梦龄将军殉国;;;;;;;;;;;;;;x
3222decs;郝梦龄军长在山西大白水前线突围过程中壮烈殉国，是抗战中牺牲的第一位军长，1938年的小学国语课本中就有"中国第一个军长"的题目描写他。2014年9月1日，被列入民政部公布的第一批300名著名抗日英烈和英雄群体名录。;;;;;;;;;;;;;x
zhengbian1;电令各军，整编抗战。;;;;;;;;;;;;;x
zhengbian1decs;如今国家危亡，望各军阀可放下成见，携手共赴国难.........;;;;;;;;;;;;;x
diwuzhanqu;成立第五战区;;;;;;;;;;;;;x
diwuzhanqudesc;成立第五战区，开进苏皖，拱卫徐州。;;;;;;;;;;;;;x
12A;成立国民革命军第十二集团军;;;;;;;;;;;;;x
12Adesc;成立12集团军，保卫东南沿海。;;;;;;;;;;;;;x
XBDECS;中国宪兵的前身，大体可以上溯到北伐战争时期的叶挺“铁军”。随着国民政府统治的巩固，蒋介石于1927年开始对全国200万军队进行选拔，经过层层严格筛选，组成了一支8000人左右的卫队。这支卫队的成员是国民党军中的绝对精锐。1933年，国民政府与德国的关系日益密切，应蒋介石的邀请，希特勒秘密派遣纳粹冲锋队王牌教官勃罗姆来华，秘密进行中国宪兵的训练工作。在勃罗姆近乎法西斯手段的严酷训练之下，又有近4000名士兵遭到淘汰，剩余人员这才正式成为新编委员长特别卫队士兵。在先进的德式武器装备下，他们更是如虎添翼，成为中国乃至整个东北亚最为精锐的作战部队。至此，中国宪兵正式形成。;;;;;;;;;;;;;x
ZJRYD; 中国荣誉师的前身，可追溯至全面抗战初期的淞沪、徐州会战战功部队。随着抗战进入相持阶段，日军攻势虽缓但攻坚能力依旧强劲，国军亟需以精锐老兵为骨干组建尖刀部队。1939 年，经军政部批复、蒋介石授意，国民政府启动荣誉师组建计划，从各会战伤愈老兵及战功部队中选拔成员，要求需有实战立功记录、体能达标且战术素养优异，选拔标准远超常规部队。组建过程中，由昆仑关大捷功勋军官牵头训练，融入实战化攻坚、反坦克及山地作战科目，摒弃常规队列训练，以近乎实战的严酷考核淘汰近 30% 不合格人员。1940 年，首批以昆仑关大捷第 5 军老兵为核心的部队完成整训，配备德式 75mm 山炮、37mm 反坦克炮及捷克式轻机枪等高配装备，正式定名 “第 1 荣誉师”。此后，依托同款标准陆续整合万家岭、长沙会战等战功部队，后续荣誉师相继成军，中国荣誉师体系自此正式形成。;;;;;;;;;;;;;;x
70title;召开国民党第五届五中全会;;;;;;;;;;;;;x
70decs;在武汉会战后，我军已与日军陷入持久战局面，我们应该考虑共产党的问题了.......;;;;;;;;;;;;;x
70option1;溶共、防共、限共、反共;;;;;;;;;;;;;x
wzqh;国民党召开五中全会;;;;;;;;;;;;;x
wzqhdesc;国民党召开五届五中全会，确定反共方针，破坏抗战.;;;;;;;;;;;;;x
71title;攻击共军;;;;;;;;;;;;;x
71decs;电令阎锡山、石友三所辖制之诸部攻击共匪叛军，力图歼灭共军余孽。;;;;;;;;;;;;;x
71option1;消灭他们;;;;;;;;;;;;;x
71option2;不行;;;;;;;;;;;;;x
FG1qh;蒋介石集团掀起了反共高潮;;;;;;;;;;;;;x
FG1desc;国民党在五届五中全会以后，反共活动愈演愈烈。一九三九年四月，山东省主席沈鸿烈指使秦启荣部在博山等地袭击八路军山东纵队第三游击支队，惨杀指战员四百余人。六月，河北省保安司令张荫梧部袭击冀中深县八路军后方机关，惨杀指战员四百余人。同月，湖南国民党军队根据蒋介石的密令杀害了新四军平江通讯处的干部罗梓铭、涂正坤等六人。九月，国民党军队在湖北东部围攻新四军后方机关，惨杀共产党员五六百人。十一月，河南国民党军队和特务，围攻确山县竹沟镇新四军留守处，杀害新四军伤病员及家属二百余人。;;;;;;;;;;;;;x
73title;电令陆军新编第四军撤防黄河;;;;;;;;;;;;;x
73decs;指使何应钦、白崇禧以国民政府军事委员会正副参谋总长的名义致电八路军朱德、彭德怀正副司令和新四军叶挺、项英正副军长，强令新四军在一个月内开赴黄河以北。;;;;;;;;;;;;;x
73option1;立刻行动;;;;;;;;;;;;;x
FG2qh;国民党军委会电令;;;;;;;;;;;;;x
FG2desc;国民政府何应钦、白崇禧等人，电令我新四军在一个月内撤防黄河。;;;;;;;;;;;;;x
FG;不可能;;;;;;;;;;;;;x
FG3qh;共军拒绝了我们的请求;;;;;;;;;;;;;x
FG3desc;再次电令中共方面，强令新四军撤防江北。;;;;;;;;;;;;;x
FG3;好;;;;;;;;;;;;;x
FG4qh;国民党当局电令;;;;;;;;;;;;;x
FG4desc;国民党当局电令我新四军撤防江北。;;;;;;;;;;;;;;;;;x
FG4;只能这样了;;;;;;;;;;;;;x
FG32;老蒋那些儿花花肠子我们还不知道？;;;;;;;;;;;;;x
FG6qh;伏击中共军队;;;;;;;;;;;;;x
FG6desc;共军已开始转移，电令第三战区顾祝同各军，歼灭中共叛军！;;;;;;;;;;;;;x
FG7qh;我陆军新编第四军遭国民党顽军伏击;;;;;;;;;;;;;x
FG7desc;1941年1月4日，项英率新四军军部和部队共9000余人北移。6日，当进入安徽泾县茂林地区时，突遭事先埋伏的国民党军队7个师8万余人的包围和袭击。广大指战员经７昼夜浴血奋战，但终因众寡悬殊，措施失当，弹尽粮绝，除2000余人突出重围外，一部被俘，大部壮烈牺牲。军长叶挺与对方谈判被扣，政治部主任袁国平牺牲，副军长项英、参谋长周子昆在突围中被叛徒杀害。17日，蒋介石竟反诬新四军“叛变”，宣布取消其番号，并声称要将叶挺交军法审判。;;;;;;;;;;;;;;x
FG6;重组新四军，还击国民党;;;;;;;;;;;;;x
FG8qh;国民党顽军进攻共军;;;;;;;;;;;;;x
FG8desc;1941年1月4日，项英率新四军军部和部队共9000余人北移。6日，当进入安徽泾县茂林地区时，突遭事先埋伏的国民党军队7个师8万余人的包围和袭击。广大指战员经７昼夜浴血奋战，但终因众寡悬殊，措施失当，弹尽粮绝，除2000余人突出重围外，一部被俘，大部壮烈牺牲。军长叶挺与对方谈判被扣，政治部主任袁国平牺牲，副军长项英、参谋长周子昆在突围中被叛徒杀害。17日，蒋介石竟反诬新四军“叛变”，宣布取消其番号，并声称要将叶挺交军法审判。;;;;;;;;;;;;;;x
FG9qh;重组新四军;;;;;;;;;;;;;x
FG9desc;中国共产党对此针锋相对，宣布重建军部，任命陈毅为新四军代理军长，张云逸为副军长，刘少奇为政治委员。重建后的新四军根据中共中央的指示深入华中敌后，开展抗日游击战争，建立抗日根据地。;;;;;;;;;;;;;x
FG108qh;社会舆论压力;;;;;;;;;;;;;;x
FG10desc;皖南事变后，在政治上，蒋介石的反共面目在全国人民面前暴露无遗。国内各小党派和中间势力对蒋介石已失去幻想；中共敢于斗争，敢于胜利，赢得了国内外舆论的广泛同情和支持，进一步提高了中国共产党在全国的政治地位和在全国人民中的声望。在军事上，尽管新四军在皖南遭受局部失利，但是何应钦、白崇禧“皓电”、“齐电”限令八路军、新四军撤至黄河以北的阴谋化为泡影。而皖南事变后不久新四军军部的重建，使部队由原来的6个支队扩编为7个正规师，新四军从此走上了新的发展道路。蒋介石妄图通过围歼皖南新四军军部及其所属部队来达到取消新四军的阴谋也彻底破产。皖南事变发生后的1941年1月17日，周恩来在重庆《新华日报》上发表亲笔题词：“千古奇冤，江南一叶；同室操戈，相煎何急？！”表达了中国共产党人和一切正义的人们对国民党顽固派发动又一次反共内战的愤怒和谴责。;;;;;;;;;;;;;;x
2224option1;无奈之举啊;;;;;;;;;;;;;;x
21title;开罗宣言;;;;;;;;;;;;;x
21decs;中、美、英三国军事方面人员，对于今后对日作战计划，已获得一致意见。三大盟国决以不松弛之压力，从海陆空各方面加诸残暴之敌人，此项压力，已经在增长之中。我三大盟国此次进行战争之目的，在制止及惩罚日本之侵略，三国绝不为自己图利亦无拓展疆土之意思。三国之宗旨，在剥夺日本自一九一四年第一次世界大战开始后，在太平洋上所夺得或占领之一切岛屿，及日本在中国所窃取之领土，如东北四省台湾澎湖列岛等归还中华民国。其他日本以武力或贪欲所攫取之土地，亦务将日本驱逐出境。我三大盟国稔知朝鲜人民所受之奴隶待遇，决定在相当时期使朝鲜自由独立。基于以上各项目的，三大盟国将继续坚忍进行其重大而长期之战斗，以获得日本无条件之投降。;;;;;;;;;;;;;x 
4option1;万岁;;;;;;;;;;;;;x
801title;中美英三国发表开罗宣言;;;;;;;;;;;;;x
801decs;中、美、英三国军事方面人员，对于今后对日作战计划，已获得一致意见。三大盟国决以不松弛之压力，从海陆空各方面加诸残暴之敌人，此项压力，已经在增长之中。我三大盟国此次进行战争之目的，在制止及惩罚日本之侵略，三国绝不为自己图利亦无拓展疆土之意思。三国之宗旨，在剥夺日本自一九一四年第一次世界大战开始后，在太平洋上所夺得或占领之一切岛屿，及日本在中国所窃取之领土，如东北四省台湾澎湖列岛等归还中华民国。其他日本以武力或贪欲所攫取之土地，亦务将日本驱逐出境。我三大盟国稔知朝鲜人民所受之奴隶待遇，决定在相当时期使朝鲜自由独立。基于以上各项目的，三大盟国将继续坚忍进行其重大而长期之战斗，以获得日本无条件之投降。;;;;;;;;;;;;;x 
31title;波兹坦公告;;;;;;;;;;;;;x
31decs;美、英、中促令日本投降之《波茨坦公告》美、英、中三国政府领袖公告：（一）余等：美国总统、中国国民政府主席及英国首相代表余等亿万国民，业经会商，并同意对日本应予以一机会，以结束此次战事。（二）美国、英帝国及中国之庞大陆、海、军部队，业已增强多倍，其由西方调来之军队及空军，即将予日本以最后之打击，彼等之武力受所有联合国之决心之支持及鼓励，对日作战，不至其停止抵抗不止。（三）德国无效果及无意识抵抗全世界激起之自由人之力量，所得之结果，彰彰在前，可为日本人民之殷鉴。此种力量当其对付抵抗之纳粹时不得不将德国人民全 体之土地、工业及其生活方式摧残殆尽。但现在集中对待日本之星则较之更为庞大，不可衡量。吾等之军力，加以吾人之坚决意志为后盾，若予以全部实施，必将使 日本军队完全毁灭，无可逃避，而日本之本土亦必终归全部残毁。（四）现时业已到来，日本必须决定一途，其将继续受其一意孤行计算错误，使日本帝国已陷于完全毁灭之境之军人之统制，抑或走向理智之路。（五）以下为吾人之条件，吾人决不更改，亦无其他另一方式。犹豫迁延，更为吾人所不容许。（六）欺骗及错误领导日本人民使其妄欲征服世界者之威权及势力，必须永久剔除。盖吾人坚持非将负责之穷兵黩武主义驱出世界，则和平安全及正义之新秩序势不可能。（七）直至如此之新秩序成立时，及直至日本制造战争之力量业已毁灭，有确定可信之证据时，日本领土经盟国之指定，必须占领，俾吾人在此陈述之基本目的得以完成。（八）开罗宣言之条件必将实施，而日本之主权必将限于本州、北海道、九州、四国及吾人所决定其他小岛之内。（九）日本军队在完全解除武装以后，将被允许返其家乡，得有和平及生产生活之机会。（十）吾人无意奴役日本民族或消灭其国家，但对于战罪人犯，包括虐待吾人俘虏在内，将处以法律之裁判，日本政府必将阻止日本人民民主趋势之复兴及增强之所有障碍予以消除，言论、宗教及思想自由以及对于基本人权之重视必须成立。（十一）日本将被允许维持其经济所必须及可以偿付货物赔款之工业，但可以使其获得原料，以别于统制原料，日本最后参加国际贸易关系当可准许。（十二）上述目的达到及依据日本人民自由表示之意志成立一倾向和平及负责之政府后，同盟国占领军队当撤退。（十三）吾人通告日本政府立即宣布所有日本武装部队无条件投降，并以此种行动诚意实行予以适当之各项保证，除此一途，日本即将迅速完全毁灭。;;;;;;;;;;;;;x
Event44444title;苏日互不侵犯条约;;;;;;;;;;;;;x
Event44444desc;苏联与日本于1941年4月13日签订的在战争中相互保证中立的条约。又称日苏中立条约、苏日互不侵犯条约、日苏互不侵犯条约。该条约是苏日两大帝国主义的分赃条约，严重损害了中国主权。;;;;;;;;;;;;;x
61decs;1945年8月8日晚， 苏联根据雅尔塔会议精神，忠于同盟国义务，宣布从次日起与日本进入战争状态。;;;;;;;;;;;;;;x
event0009;鲁迅逝世 ;;;;;;;;;;;;;x
eventdesc0009;1936年10月19日，早晨5时25分，一贯言辞激烈、最富战斗性的作家鲁迅，因肺病医治无效，病逝于上海大陆新村9号寓所。10时，遗体送到万国殡仪馆。殡仪馆的吊唁大厅、走廊，都挂满了挽联，直到大厅外的空地上，都拉起绳子挂满了雪白的挽幛。前来吊唁的有工人、学生、小贩、报童、人力车夫、学者，在3天公开吊唁中，前往瞻仰遗容的人民群众，络绎不绝，近万人 ;;;;;;;;;;;;;x
eventname0009;哀悼。;;;;;;;;;;;;;x
event0010;中共中央通电:停战议和一致抗日 ;;;;;;;;;;;;;x
eventdesc0010;1936年5月5日，中国共产党中央委员会发出《停战议和一致抗日通电》，明确放弃反蒋口号，首次直接向国民党提出建立抗日联合战线的建议。通电说：自从中国红军革命军事委员会组织中国人民红军抗日先锋军渡河东征以来，所向皆捷，全目响应。蒋介石氏竟以十师以上兵力开入山西，胁同阎锡山氏阻拦红军抗日去路，中国人民抗日红军先锋军，本当集中全力消灭蒋氏拦阻抗日出路的部队，但红军革命军事委员会一再考虑，认为国难当前，双方决战，不论胜负属谁，都是中国国防力量的损失，而为日本帝国主义所称快。因此，红军革命军事委员会特慎重地向南京政府诸公进言，在亡国灭种紧急关头，理应翻然改悔，以“兄弟阋于墙外御其侮”的精神，在全国范围、首先在陕甘晋停止内战，双方互派代表磋商抗日救亡的具体办法。如仍执迷不悟，甘为汉奸卖国贼，则诸公的统治，必将最后瓦解，必将为全国人民所唾弃所倾覆。语云：“千夫所指，无疾而死”，又言：“放下屠刀，立地成佛”，愿诸公深思熟虑之。 ;;;;;;;;;;;;;x
eventname0010;为了人民!;;;;;;;;;;;;;x
event0011;蒋介石到西安训示张杨二人 ;;;;;;;;;;;;;x
eventdesc0011;10月22日，蒋介石到西安，分别召见张学良、杨虎城，宣布进一步“剿共”的计划。张学良不赞成，并说东北军将士不同意继续“剿共”、打内战。他建议“停止内战，一致抗日”。蒋介石大发雷霆，厉声说：“军人以服从为天职，我叫你向东，你就应该向东；我叫你去死，你就得去死。不要问为什么。”蒋介石接见杨虎城时，杨说：“部队抗日情绪高，剿共士气低，值得忧虑。”蒋介石说：“剿共势在必行”，“风吹草动，兵随将走”，士气问题他来解决。27日上午，蒋介石在张、杨陪同下，向参加长安军官训练团的军官、西北“剿总”和十七路军总部上校以上军官和驻西安各部队团长以上军官训话。张学良对蒋介石阻止人民抗日救亡的做法十分愤慨，他趁在洛阳向蒋祝寿之机，单独会见蒋，要求领导抗日救亡。蒋大发雷霆说：“我就是革命，我就是政府，只有我可以代表整个国家、整个民族，反对我，就是反对政府，就是好党暴徒。” ;;;;;;;;;;;;;x
eventname0011;攘外必先安内，统一方能御侮。;;;;;;;;;;;;;x
event0012;白求恩来华 ;;;;;;;;;;;;;x
eventdesc0012;加拿大著名外科医生、伟大的国际主义战士白求恩率领加拿大和美国医疗队到达武汉，支援中国人民的抗日战争。 ;;;;;;;;;;;;;x
eventname0012;万分感激。;;;;;;;;;;;;;x
event0013;张国焘叛逃延安，中共将其开出党籍。 ;;;;;;;;;;;;;x
eventdesc0013;1938年4月5日，陕甘宁边区代主席张国焘表陕甘宁边区，参加祭黄帝陵后，逃至西安。7日，在胡宗南部保护下到武汉，发表《敬告国人书》，指责毛泽东等中共领导人“独立自主，另立门户，不以国家民族为重”，井以书面声明脱离共产党。18日，中共中央作出了《关于开除张国焘党籍的决定》。19日，中共中央发表《关于开除张国焘党籍的报告大纲》。大纲详尽地指出了张国焘脱党的经过、脱党的历史根源及对张国焘脱党的态度。指出：张国焘的脱党，对于中国共产党不但不是什么损失，而是去了一个不可救药的脓包。它使我们党清洗了自己的队伍，使我党更能健康地与巩固地向着自己光荣的前途迈进。 ;;;;;;;;;;;;;x
eventname0013;天要下雨，娘要嫁人，由他去吧。;;;;;;;;;;;;;x
event0014;中日武汉空战 ;;;;;;;;;;;;;x
eventdesc0014; 1938年2月18日，日军飞机38架空袭武汉。苏联志愿援华航空队配合中国空军第四大队，与日军激战12分钟，击落日机11架，第四大队大队长李桂丹及吕基淳、巴清正、王怡之、李鹏翔5人殉国。20日．武汉各界在汉口总商会公祭殉国空军将士，蒋介石主祭。21日，武汉三镇举行盛大空战祝捷及追悼殉国空军将士大会，孔祥熙、于右任、冯玉祥及中共中央和八路军代表王明、周恩来、叶剑英等出席致祭，会后二万余群众执绋送葬，举行盛大游行。 ;;;;;;;;;;;;;x
eventname0014;只解沙场为国死，何须马革裹尸还。;;;;;;;;;;;;;x
event0015;国民政府提出保卫大武汉 ;;;;;;;;;;;;;x
eventdesc0015; 1938年6月27日，国民政府军事委员会颁发《抗战一周年宣传大纲》，提出“保卫大武汉”的口号。徐州失守前，毛泽东在致王明、周恩来、博古、凯丰的电报中指出：“必须准备在徐州决战失败后，仍有充足力量为保卫武汉而战。”徐州失守后，中共中央提出当前紧急任务是“保卫武汉，保卫全国”、“以持久战最后战胜敌人”。中共中央代表团还向当局提出了保卫武汉的具体意见，15日，王明、周恩来、博古联名在《新华日报》上发表了《我们对于保卫武汉与第三期抗战问题的意见》一文。6月中旬，国民政府军事委员会制订出保卫武汉计划。作战方针为：守备华南海岸及华东、华北现阵地，积极发展游击战，钳制和消灭敌人；支援马当要塞，在鄱阳湖以东迎战敌人，阻其溯江向九江集中；将主力置于武汉外围，利用鄱阳湖及大别山之地障与长江两岸之岳陵湖沼作持久战，作战重点放在外翼，预备与敌主力作战4至6个月，消耗其继续攻势的能力。 ;;;;;;;;;;;;;x
eventname0015;保卫武汉，保卫全中国！;;;;;;;;;;;;;x
event0016;日军实施毒气战 ;;;;;;;;;;;;;x
eventdesc0016; 自1937年10月起，日军相继在北平、上海、山西数次投放毒气弹，造成中国军民几百人中毒，呕吐不止，竟至毙命。1938年，经徐州会战、安庆战役后，日军充分认识到毒气战在侵华战争中的价值，加快了进一步实施大规模毒气战的步骤。1938年8月，日军上层编写的《毒瓦斯用法及其战例》、《特种发烟筒用法及其成果利用法》、《徐州会战、安庆作战特种烟使用战例及成果》等书，分发给各级指挥官，藉以指导各部实施化学战教育；并在太原、宜昌、南京、汉口、广州等处设立毒气制造厂和化学武器装配厂，在上海、宜昌、太原等地驻扎专门实施毒气战的部队，有野战瓦斯队、迫击大队和步兵临时发烟部队。野战瓦斯队、迫击大队是日军专业毒气部队，具备极强的毒化能力，主要进行大规模集中的毒气攻击。在武汉会战中，日军使用毒气370多次，发射毒气弹4万发以上，造成中国抗日官兵几千人中毒，中毒率达80%。仅广济一役，日军施以大量毒气，致使中国官兵中毒伤亡达2000余人，日军步兵紧随毒气之后突入攻击，趁中国官兵中毒昏迷丧失抵抗力之际，用刺刀加以杀害。 ;;;;;;;;;;;;;x
eventname0016;这帮法西斯禽兽！;;;;;;;;;;;;;x
xz;开始部署徐州会战;;;;;;;;;;;;;x
xzdecs;日军已攻占济南，山东已失大半，徐州位于我国津浦路上，是苏鲁皖三省之交接处、津浦路之枢纽处及苏皖战略要冲，徐州的得失将会关乎国家存亡。;;;;;;;;;;;;;x
xzoption;立刻部署;;;;;;;;;;;;;;x
xzw_desc;经过我军将士的奋勇拼杀，我军成功击溃当面之敌，并且成功地进行了延翼作战，围歼了敌军主力，拱卫了徐州！;;;;;;;;;;;;;x
HBT;成立华北方面军;;;;;;;;;;;;;x
HZT;成立华中方面军;;;;;;;;;;;;;x
#;;;;;;;;;;;;;;x
#_desc;;;;;;;;;;;;;;x
#_option;;;;;;;;;;;;;;x
